path	classification	suffix	size	mtime_utc	mode	shebang	sha256
output/audits/20260721_225815_42a2cf_fragmentation_20260726/audit_fusion_fragmentation.py	code_candidate	.py	23088	2026-07-26T13:40:52.845667+00:00	0644	#!/usr/bin/env python3	7e1cad083eaf0c34e660c0c3f2049736334064c8cbdd60b3f84aa1d8791b4874
output/audits/20260721_225815_42a2cf_fragmentation_20260726/audit_resolution_collapse.py	code_candidate	.py	37110	2026-07-26T14:32:48.762984+00:00	0644	#!/usr/bin/env python3	2c9b2efe29347531f4cba32b7a43d1c664ac55991cd820424d473e361eeed9c8
output/audits/20260721_225815_42a2cf_fragmentation_20260726/fusion_fragmentation_audit.json	supporting_text	.json	69398	2026-07-26T13:44:14.074625+00:00	0664		a9e1cbf8d301f15238a0517a625b43259714031a5d29d76bac459b69e11a2375
output/audits/20260721_225815_42a2cf_fragmentation_20260726/fusion_fragmentation_audit.progress.json	supporting_text	.json	246	2026-07-26T13:44:14.074625+00:00	0664		9ff3ba5f75797bf3b1ca940607e1dc3ab8ab68381afb6502e195871b9a22fe2b
output/audits/20260721_225815_42a2cf_fragmentation_20260726/resolution_collapse_0p25m_to_3m.json	supporting_text	.json	114575	2026-07-26T14:35:02.308284+00:00	0664		1e278f765ea4a2c26d326326d9d7a6c77099de2e847d8b408004f0cb68c27ff2
output/audits/20260721_225815_42a2cf_fragmentation_20260726/resolution_collapse_0p25m_to_3m.progress.json	supporting_text	.json	250	2026-07-26T14:35:02.308284+00:00	0664		2e16e090bef017d02bfde4d3f4fd3e180c7e18ddec9ef09b2da30dacfbe9678b
output/audits/20260721_225815_42a2cf_fragmentation_20260726/resolution_collapse_0p25m_to_3m.time.txt	supporting_text	.txt	1424	2026-07-26T14:35:02.354284+00:00	0664		d8c24cb0c04f06dccf8e57895887224e3ecbd7ceadf6aa86ab2aef06a862a46d
output/audits/20260721_225815_42a2cf_fragmentation_20260726/resolution_smoke_v2.json	supporting_text	.json	58550	2026-07-26T14:04:51.884669+00:00	0664		3aae938f34deafd319681ceb4f9997bc1873e1fa4872f4a886290d5aa65c97c1
output/audits/20260721_225815_42a2cf_fragmentation_20260726/resolution_smoke_v2.progress.json	supporting_text	.json	239	2026-07-26T14:04:51.884669+00:00	0664		7121eed3899837b596c288b013cf5f898358496ce4e1dfac22dbaf424ec3cd11
output/audits/20260721_225815_42a2cf_fragmentation_20260726/resolution_smoke_v3.json	supporting_text	.json	67850	2026-07-26T14:33:30.425389+00:00	0664		b87bffd0b57b53697db78f37c86869bcbd0b9930388d03c77de5aeeb2c67a4dc
output/audits/20260721_225815_42a2cf_fragmentation_20260726/resolution_smoke_v3.progress.json	supporting_text	.json	240	2026-07-26T14:33:30.425389+00:00	0664		c477e3d5dbda1cf7a7e72db769932ba281a30d5758d3b262efae09d33ab16e33
output/audits/20260721_225815_42a2cf_fragmentation_20260726/smoke.json	supporting_text	.json	35882	2026-07-26T13:39:15.155716+00:00	0664		6e0cb02ee4e897bd237332feed2b34ab8417da7c9d64fd9c58b5f196c23c0be9
output/audits/20260721_225815_42a2cf_fragmentation_20260726/smoke.progress.json	supporting_text	.json	226	2026-07-26T13:39:15.155716+00:00	0664		5777289072f6cc6800077ad94c419cfc69316f097fc750afd14e4a20b0462ed8
output/recovery/20260721_225815_42a2cf_20260725_143949/assemble_stream.queue_fix.stage.py	code_candidate	.py	37425	2026-07-25T14:41:53.369556+00:00	0755		dc86d1d96fb6603de417e7b5b20a3d1f4e69f20bcc55d53444d91aa8ffd3eaac
output/recovery/20260721_225815_42a2cf_20260725_143949/backups/assemble_stream.py.pre_queue_fix_20260725	code_candidate	.pre_queue_fix_20260725	20460	2026-07-21T10:02:04.200000+00:00	0755		78f27b219b64e65c00a5a99264a2aeb936dd8b1ef29ba119862c7890f64e9997
output/recovery/20260721_225815_42a2cf_20260725_143949/backups/reconcile_v5_run.log.finalizer_regression_20260726	supporting_text	.finalizer_regression_20260726	2779	2026-07-26T05:50:11.584877+00:00	0664		8f6402d0d8ad07d8a60c35c168279699895ac0690f75b5c6cdb077fc2e8e949d
output/recovery/20260721_225815_42a2cf_20260725_143949/backups/reconcile_v5_run.py.pre_skip_finalizer_20260726	code_candidate	.pre_skip_finalizer_20260726	2563	2026-07-26T05:48:23.293823+00:00	0750	#!/usr/bin/env python3	adf1ad4ddaa47edd48c6df025b77a24cb34f098428128a6b434db075a793fec7
output/recovery/20260721_225815_42a2cf_20260725_143949/backups/scale_acceptance.py.pre_streaming_20260726	code_candidate	.pre_streaming_20260726	12167	2026-07-26T05:02:40.804138+00:00	0755	#!/usr/bin/env python3	385c097a1a8d93f6510ae9dcfa04617d36b2722e1db349df16f895262e8ee324
output/recovery/20260721_225815_42a2cf_20260725_143949/fusion_full_assembly.log	supporting_text	.log	17990	2026-07-26T01:00:25.257710+00:00	0664		95f67fd12b07c848662841ff00159fe0707cd040240c4553bc7eba2bf198d801
output/recovery/20260721_225815_42a2cf_20260725_143949/logs/finalize_rasters.log	supporting_text	.log	1487	2026-07-25T07:00:08.920971+00:00	0664		4e0dc9b708deb3f816e633bbb129b0ad3362cceb883b928b7066e4ac0fee1cb9
output/recovery/20260721_225815_42a2cf_20260725_143949/logs/formal_resume_runner.jsonl	supporting_text	.jsonl	46090	2026-07-25T10:03:17.728910+00:00	0664		8ceb6cf623699c418ce486bee8b7cff3f0dc5c7316a1483e81fc1d14b21b1663
output/recovery/20260721_225815_42a2cf_20260725_143949/logs/package_00195.log	supporting_text	.log	124651	2026-07-25T06:45:38.036496+00:00	0664		8a6cc56e9842b4f88b7bcdb2a74c906bd35732c9926d6282a2fb3c162803dfa7
output/recovery/20260721_225815_42a2cf_20260725_143949/logs/package_00461.log	supporting_text	.log	126091	2026-07-25T06:49:47.195920+00:00	0664		6195fc87e0f8215bfe5e40d8c37b257847e8cfa6f7260fa3e637b60d641b800c
output/recovery/20260721_225815_42a2cf_20260725_143949/logs/package_01396.log	supporting_text	.log	1235	2026-07-25T06:50:02.278067+00:00	0664		e95125a4224e7776ce5771c23ef3cba5ebc459a583d9ef1426d05304c7e729ab
output/recovery/20260721_225815_42a2cf_20260725_143949/logs/recovery.jsonl	supporting_text	.jsonl	41087	2026-07-25T07:04:33.612547+00:00	0664		69bd8c42ece79ac4f35dda77d43a640a6327df2cf475fdaf41b5dd193ab04d1c
output/recovery/20260721_225815_42a2cf_20260725_143949/logs/units/15183.log	supporting_text	.log	944	2026-07-25T06:53:24.440034+00:00	0664		84efce3cd58766b155416a6b6b0ea22e9dbc129539bfe139db359277f959513d
output/recovery/20260721_225815_42a2cf_20260725_143949/logs/units/15184.log	supporting_text	.log	944	2026-07-25T06:53:50.736290+00:00	0664		93445f96895d1990d340752714c86ec7cfef3b22fa39ed11d406ae16bd563fad
output/recovery/20260721_225815_42a2cf_20260725_143949/logs/units/18379.log	supporting_text	.log	952	2026-07-25T06:52:07.213283+00:00	0664		eac0dc32266f3bdb1d45203fa2f91d9c701bc819bfc974fe045a426e3b88c474
output/recovery/20260721_225815_42a2cf_20260725_143949/logs/units/18380.log	supporting_text	.log	954	2026-07-25T06:52:07.911290+00:00	0664		68ebdbb5e4952cf206ede2c2093c4ca297a751a5754bb293e6d43a0f57b4b40b
output/recovery/20260721_225815_42a2cf_20260725_143949/logs/units/18381.log	supporting_text	.log	954	2026-07-25T06:52:07.394285+00:00	0664		bea4dbd4dae7c2ebb0477ea757b31a4d0a3d420cbecabfa4395e6ec352603c33
output/recovery/20260721_225815_42a2cf_20260725_143949/logs/units/21500.log	supporting_text	.log	952	2026-07-25T06:52:06.631277+00:00	0664		880419ba815e3924dd3780584a9ce35fb4604e5838a6a1819f33a62fa4d14b06
output/recovery/20260721_225815_42a2cf_20260725_143949/logs/units/21501.log	supporting_text	.log	953	2026-07-25T06:52:10.763317+00:00	0664		80080dc27793747875e2fdbb68dc4c13502829ddc2c40217a1fd71651cf93e50
output/recovery/20260721_225815_42a2cf_20260725_143949/logs/units/21548.log	supporting_text	.log	954	2026-07-25T06:52:11.448324+00:00	0664		c2cc20ea69cfd11e07ae0bdf63c31223e1329528ca1e95b321b360928a315de3
output/recovery/20260721_225815_42a2cf_20260725_143949/logs/units/21549.log	supporting_text	.log	954	2026-07-25T06:52:11.751327+00:00	0664		bd8d83a9fdbb8ef7eda0b0999b8c1eb42130eb87ec4685a34b756ea2c4e0de72
output/recovery/20260721_225815_42a2cf_20260725_143949/logs/units/24649.log	supporting_text	.log	962	2026-07-25T06:52:10.990320+00:00	0664		eb2dde0960a86ca9a92023ed14821050479766d8a8018a955dd4b0f2e34f6415
output/recovery/20260721_225815_42a2cf_20260725_143949/logs/units/24650.log	supporting_text	.log	963	2026-07-25T06:52:13.691346+00:00	0664		2d55477e284ab838e825910ab6f5b680dad905eee6dd8200b91f26a2e100bf7e
output/recovery/20260721_225815_42a2cf_20260725_143949/logs/units/24651.log	supporting_text	.log	964	2026-07-25T06:52:13.998349+00:00	0664		7bca42c7a5d8ae6e9489d9c874c663d3225faa1d4bb494e5d50196ab4ef7071d
output/recovery/20260721_225815_42a2cf_20260725_143949/logs/units/24696.log	supporting_text	.log	960	2026-07-25T06:52:14.433353+00:00	0664		010d79e8e18535eb30b8c914198c12eac0f3803275a87801c05433328d4eb15f
output/recovery/20260721_225815_42a2cf_20260725_143949/logs/units/24697.log	supporting_text	.log	960	2026-07-25T06:52:14.715356+00:00	0664		034e54ec4bd3fdfa17d087d827b95657e57de0c0214e3fd4e7abdcf4ca130a8b
output/recovery/20260721_225815_42a2cf_20260725_143949/logs/units/24698.log	supporting_text	.log	963	2026-07-25T06:52:16.665375+00:00	0664		0e607523314a8002465a59a1be3d2e250d4a1364e76cb2400a95d8b74db690fa
output/recovery/20260721_225815_42a2cf_20260725_143949/logs/units/27262.log	supporting_text	.log	1014	2026-07-25T06:53:34.500132+00:00	0664		5577c0510f7d5f804c73dae0d0b07fd0d9e48e78564c3753949db9f825ef3687
output/recovery/20260721_225815_42a2cf_20260725_143949/logs/units/27263.log	supporting_text	.log	1014	2026-07-25T06:54:06.064440+00:00	0664		a61e73bc699dfc53347a8edd0f7c49ee0e54bfabbae010207988c0b00503701c
output/recovery/20260721_225815_42a2cf_20260725_143949/logs/units/27818.log	supporting_text	.log	1014	2026-07-25T06:53:44.010225+00:00	0664		9791ef5148c1b6dd2cf3a694542e96193699251e8b93d402d75815ae0fde15c8
output/recovery/20260721_225815_42a2cf_20260725_143949/logs/units/27819.log	supporting_text	.log	1014	2026-07-25T06:54:48.660854+00:00	0664		6f35b02ec1e33978e2174f4e048a59f1f46dd009f2ad3de2e374b5e9339bc7a5
output/recovery/20260721_225815_42a2cf_20260725_143949/logs/units/29665.log	supporting_text	.log	1000	2026-07-25T06:53:28.895078+00:00	0664		7da976e181e6808aa5f6b0263f8573e91afb949bf2a135e27ab2f3582ad57b65
output/recovery/20260721_225815_42a2cf_20260725_143949/logs/units/30469.log	supporting_text	.log	1024	2026-07-25T06:53:34.301131+00:00	0664		5e6cf1f3ac54a552ea24e6ca46a2d797cd11a4df151437c0a7acc1bb48ad0077
output/recovery/20260721_225815_42a2cf_20260725_143949/logs/units/30470.log	supporting_text	.log	1024	2026-07-25T06:53:39.643183+00:00	0664		124b5c61bd3bfe35e4448ee1c3bbf167006cb007cfdd79dc895b86887936c27f
output/recovery/20260721_225815_42a2cf_20260725_143949/logs/units/30471.log	supporting_text	.log	1024	2026-07-25T06:53:39.941185+00:00	0664		bf17ad78e7f7359a4760694dd64e44a2e233eac591ac0498ccc03de93515e3a1
output/recovery/20260721_225815_42a2cf_20260725_143949/logs/units/31014.log	supporting_text	.log	1024	2026-07-25T06:53:44.896234+00:00	0664		f1d42b4b1eb27e6b4665a6127ef1c4707cd1b61fb7ba4d59c1f12c341ccefb7e
output/recovery/20260721_225815_42a2cf_20260725_143949/logs/units/31015.log	supporting_text	.log	1024	2026-07-25T06:53:45.229237+00:00	0664		8acff84ccaef6d73a53a71604e91069d40b558ec8c75187caf040e04c3cfd158
output/recovery/20260721_225815_42a2cf_20260725_143949/logs/units/31016.log	supporting_text	.log	1024	2026-07-25T06:53:49.010273+00:00	0664		37d7ba9573cc0c0a75a6066f708d019711ca3a35ea0b137f133cc691f1d75de6
output/recovery/20260721_225815_42a2cf_20260725_143949/logs/units/32822.log	supporting_text	.log	1014	2026-07-25T06:53:48.598269+00:00	0664		9eb9ebf872cd3c4e30a39c2eef7a02212cf66b099980366230d84ab073ebc816
output/recovery/20260721_225815_42a2cf_20260725_143949/logs/units/32823.log	supporting_text	.log	1014	2026-07-25T06:53:48.969273+00:00	0664		6367f39f83b6374d770c3f5be5a626a9cd205f589eadea79ba980e25091222fc
output/recovery/20260721_225815_42a2cf_20260725_143949/logs/units/33579.log	supporting_text	.log	1024	2026-07-25T06:53:53.719319+00:00	0664		71b8cd220b72250494d95cac3f38fd8decea3dc0be8207b95f18cb64b5ec380b
output/recovery/20260721_225815_42a2cf_20260725_143949/logs/units/33580.log	supporting_text	.log	1024	2026-07-25T06:53:53.308315+00:00	0664		0589bd5df0b2c190198661ea4a231ef30106727fd4c4ded460e3679bada2ea90
output/recovery/20260721_225815_42a2cf_20260725_143949/logs/units/33627.log	supporting_text	.log	1024	2026-07-25T06:53:53.876321+00:00	0664		95928b6c207029c46002a42bde40fbe66197bfc732ce5cadb7b98331224d064c
output/recovery/20260721_225815_42a2cf_20260725_143949/logs/units/33628.log	supporting_text	.log	1024	2026-07-25T06:53:56.048342+00:00	0664		2f54596573b7c767a4dfc1e8c859fd13e80eaf522d9adcb5d67bef650421733e
output/recovery/20260721_225815_42a2cf_20260725_143949/logs/units/34135.log	supporting_text	.log	1024	2026-07-25T06:53:57.674358+00:00	0664		2f8c96ec190cb3a409d2a590f1bc455b0971ef42ab67b7bdbcf9a24fca5717ba
output/recovery/20260721_225815_42a2cf_20260725_143949/logs/units/34136.log	supporting_text	.log	1024	2026-07-25T06:53:58.200363+00:00	0664		cb428d9a94f34118fc5fb49c5277e6453cc2073d944fa23fa39a59f5af7ca32f
output/recovery/20260721_225815_42a2cf_20260725_143949/logs/units/34183.log	supporting_text	.log	1024	2026-07-25T06:53:58.684368+00:00	0664		de34e96f73fb67b067f9291790fedb1b98f8babc73cd96d2973e0ad8a5af5974
output/recovery/20260721_225815_42a2cf_20260725_143949/logs/units/34184.log	supporting_text	.log	1024	2026-07-25T06:54:01.157392+00:00	0664		57a7f29495bdabfdf218c9dddfaaa49e1b3a66dd9da950a415d972658d7273ab
output/recovery/20260721_225815_42a2cf_20260725_143949/logs/units/35982.log	supporting_text	.log	1014	2026-07-25T06:54:00.969390+00:00	0664		23b834114010d4ee68d97a15257ce6aba6b53f2a5e194def0440e2dda0bf30f2
output/recovery/20260721_225815_42a2cf_20260725_143949/logs/units/36030.log	supporting_text	.log	1014	2026-07-25T06:54:01.433394+00:00	0664		ace7c610e97fc283a558cc465b4534703d718fc3a0575a7b98d2f1d175f4c40f
output/recovery/20260721_225815_42a2cf_20260725_143949/logs/units/36739.log	supporting_text	.log	1034	2026-07-25T06:54:01.953399+00:00	0664		6b8e258ddbfa6098fda49001a3308879a493d1d00252eddef8ecd11d2cd200bf
output/recovery/20260721_225815_42a2cf_20260725_143949/logs/units/36740.log	supporting_text	.log	1033	2026-07-25T06:54:04.398423+00:00	0664		c2ee028eddf764836e2668351410f8122e6b590c77b477027b29a6f3ee9a09c2
output/recovery/20260721_225815_42a2cf_20260725_143949/logs/units/36741.log	supporting_text	.log	1030	2026-07-25T06:54:04.485424+00:00	0664		2eefd8cb305363c969cf1fa68add86a25b75b4ce60fd00285dc49b9521e6c945
output/recovery/20260721_225815_42a2cf_20260725_143949/logs/units/36786.log	supporting_text	.log	1033	2026-07-25T06:54:04.731426+00:00	0664		12e6e203accb5bfc927d4e634419de7509e610a001c1180277cda1d19533fab0
output/recovery/20260721_225815_42a2cf_20260725_143949/logs/units/36787.log	supporting_text	.log	1033	2026-07-25T06:54:05.245432+00:00	0664		5e755569e044bd29bec63b39f8c51ad4443681be18d1b9acf120cce6346a97b1
output/recovery/20260721_225815_42a2cf_20260725_143949/logs/units/36788.log	supporting_text	.log	1033	2026-07-25T06:54:07.396452+00:00	0664		4b0de7fa004ee0227d73422e0e7c651591af394380221b615bb7a181ca080422
output/recovery/20260721_225815_42a2cf_20260725_143949/logs/units/37284.log	supporting_text	.log	1034	2026-07-25T06:54:07.607455+00:00	0664		56a7133415dda8b0b51e0803bef153cf303e6ccd56605f255b5f7a01b6d8b3f2
output/recovery/20260721_225815_42a2cf_20260725_143949/logs/units/37285.log	supporting_text	.log	1032	2026-07-25T06:54:07.738456+00:00	0664		b54c8a23abf51c7e4ccae108a66c9bca64f9c75560e8197358c068b0b8326d3b
output/recovery/20260721_225815_42a2cf_20260725_143949/logs/units/37286.log	supporting_text	.log	1034	2026-07-25T06:54:08.322462+00:00	0664		a030a1cc4ab52738fd3583bb1341ae97df7e6cc4a1a56c73933dee3b442ed36d
output/recovery/20260721_225815_42a2cf_20260725_143949/logs/units/37331.log	supporting_text	.log	1033	2026-07-25T06:54:09.146470+00:00	0664		ac1adad86d6e19e9e7cd82c876c85c392678e5efb7492fa68af465061095feff
output/recovery/20260721_225815_42a2cf_20260725_143949/logs/units/37332.log	supporting_text	.log	1030	2026-07-25T06:54:10.398482+00:00	0664		1f01b5e95389a43a1c66b4e154083bffe51150fa2678f7d529940abbeddb7ab9
output/recovery/20260721_225815_42a2cf_20260725_143949/logs/units/37333.log	supporting_text	.log	1034	2026-07-25T06:54:10.740485+00:00	0664		4d93527b742f7b7cc81e8d04824010776fc023281e70304f31f9c481c69555c5
output/recovery/20260721_225815_42a2cf_20260725_143949/logs/units/39092.log	supporting_text	.log	1028	2026-07-25T06:54:10.805486+00:00	0664		79e4c3b57a6e8be9190ec297005afaf822f1d0fbe1fb5cc8a0421dee0746f6d2
output/recovery/20260721_225815_42a2cf_20260725_143949/logs/units/39093.log	supporting_text	.log	1028	2026-07-25T06:54:11.302490+00:00	0664		1d2eff250c30219dfae90cbff11e270e978b1c47f00c8376534441f748d23d25
output/recovery/20260721_225815_42a2cf_20260725_143949/logs/units/39139.log	supporting_text	.log	1028	2026-07-25T06:54:12.104498+00:00	0664		5d958f956f821b1b903a99c8bc12dc6cf6455774627d1b9efdb25ee6c169798d
output/recovery/20260721_225815_42a2cf_20260725_143949/logs/units/39140.log	supporting_text	.log	1028	2026-07-25T06:54:13.378511+00:00	0664		c4477d8c5f2c4429d5e1c0c371f932926269ef8b7837d0dce7f9bd4d479e6f44
output/recovery/20260721_225815_42a2cf_20260725_143949/logs/units/39897.log	supporting_text	.log	979	2026-07-25T06:55:26.624223+00:00	0664		e8499283f68279a2019be51c61915c22fcd0ac521c57ac094b9f31638376e759
output/recovery/20260721_225815_42a2cf_20260725_143949/logs/units/39898.log	supporting_text	.log	979	2026-07-25T06:56:03.317581+00:00	0664		711477de9e55b389fdd1099f74ecadd6dff034cc5642488222256bd316e65c9d
output/recovery/20260721_225815_42a2cf_20260725_143949/logs/units/40453.log	supporting_text	.log	979	2026-07-25T06:55:48.728439+00:00	0664		81111555f530b53403c18da50be67313a4b9b0bd2e843e88cacde0ae09d16c42
output/recovery/20260721_225815_42a2cf_20260725_143949/logs/units/40454.log	supporting_text	.log	979	2026-07-25T06:56:13.376678+00:00	0664		b763a47f67be046a9d90d1df9d4be8d46550b529c168089680f1c0b19d901ed0
output/recovery/20260721_225815_42a2cf_20260725_143949/logs/units/42299.log	supporting_text	.log	965	2026-07-25T06:54:17.205548+00:00	0664		64933653c6d60da1b3c1ae0bff5c721cbbd3612850e7d16dd51a08c02ae650b7
output/recovery/20260721_225815_42a2cf_20260725_143949/logs/units/42300.log	supporting_text	.log	965	2026-07-25T06:54:20.863584+00:00	0664		3cca89a205cd16c322d9bcfe567b588436e5d6b7588225a1453994f1d3118e59
output/recovery/20260721_225815_42a2cf_20260725_143949/logs/units/43104.log	supporting_text	.log	989	2026-07-25T06:54:25.067625+00:00	0664		b5268c136698f7d3dc08927a673ae3b132605023b95cd6b5bdb229578a893839
output/recovery/20260721_225815_42a2cf_20260725_143949/logs/units/43105.log	supporting_text	.log	988	2026-07-25T06:54:29.449667+00:00	0664		76bf1cc4950342957cce44ae7347073b4b276a70d12162cd62aad2d6ca76376b
output/recovery/20260721_225815_42a2cf_20260725_143949/logs/units/43106.log	supporting_text	.log	989	2026-07-25T06:54:34.804719+00:00	0664		ef9c4d7f2b0409033585133a9882821b43ea9f63d8044615b50773b77aa809d6
output/recovery/20260721_225815_42a2cf_20260725_143949/logs/units/43649.log	supporting_text	.log	987	2026-07-25T06:54:39.566766+00:00	0664		687baeb488df695a1025c74f8bb5ff3a541b66fafd3a1d23af540c86b76567b4
output/recovery/20260721_225815_42a2cf_20260725_143949/logs/units/43650.log	supporting_text	.log	989	2026-07-25T06:54:44.542814+00:00	0664		0b5e3c7dfd97c947fb9b8f1075fd3e63dbb48f836f7565426a2da517305a7efd
output/recovery/20260721_225815_42a2cf_20260725_143949/logs/units/43651.log	supporting_text	.log	989	2026-07-25T06:54:49.638864+00:00	0664		2d29274b1d1a9d4e913f115c5071d3a648c3f008ca3d2b9b79b20d13ba47c636
output/recovery/20260721_225815_42a2cf_20260725_143949/logs/units/45456.log	supporting_text	.log	979	2026-07-25T06:54:52.018887+00:00	0664		2957224b28c24ad7f6fdd57dbae59e7f4cca0ac46ccb15b30a9781ee31c3fa1a
output/recovery/20260721_225815_42a2cf_20260725_143949/logs/units/45457.log	supporting_text	.log	979	2026-07-25T06:54:52.968896+00:00	0664		b51cc930071823fca87b491a9d2d708566b038cde1e259d4bf697fa1b267b3f1
output/recovery/20260721_225815_42a2cf_20260725_143949/logs/units/45458.log	supporting_text	.log	979	2026-07-25T06:54:55.437920+00:00	0664		06ede29265bf79801391f4d8bad55153305cfe3bdbda0f6116a280a37d1f98a1
output/recovery/20260721_225815_42a2cf_20260725_143949/logs/units/46214.log	supporting_text	.log	989	2026-07-25T06:54:57.431939+00:00	0664		f47abfcaa03fbf4a8aa8bae48a6538bdc147142439227850439738bf2690da9d
output/recovery/20260721_225815_42a2cf_20260725_143949/logs/units/46215.log	supporting_text	.log	988	2026-07-25T06:54:59.144956+00:00	0664		fc1434c9639f1a7501dda84eeb709d22e49df3384a29c860e91c9335b0e19a0b
output/recovery/20260721_225815_42a2cf_20260725_143949/logs/units/46262.log	supporting_text	.log	989	2026-07-25T06:55:01.563980+00:00	0664		0f9d6fb854c3ee95a3902cedbd77931a60e146c30cc442dab533f08245fbbe1c
output/recovery/20260721_225815_42a2cf_20260725_143949/logs/units/46263.log	supporting_text	.log	989	2026-07-25T06:55:03.563999+00:00	0664		6de1179af737aa6e61dcbd224cc3bb46c2a1ec42ef5420623929fa34411ef9ee
output/recovery/20260721_225815_42a2cf_20260725_143949/logs/units/46770.log	supporting_text	.log	988	2026-07-25T06:55:05.316016+00:00	0664		3421cb203b93511698ab7a8637cae4915c88dfb6810fe1955f23fa8912439326
output/recovery/20260721_225815_42a2cf_20260725_143949/logs/units/46771.log	supporting_text	.log	989	2026-07-25T06:55:07.348036+00:00	0664		16f51eba4013b13c02862fe5bcb8abc8d12901abd62ae209f6959cb36db88d65
output/recovery/20260721_225815_42a2cf_20260725_143949/logs/units/46818.log	supporting_text	.log	989	2026-07-25T06:55:09.308055+00:00	0664		376ee81bb2bce0df84c445090903db5c6310aa5dc7372462932f5a9e01901421
output/recovery/20260721_225815_42a2cf_20260725_143949/logs/units/46819.log	supporting_text	.log	989	2026-07-25T06:55:12.145083+00:00	0664		d67d8175af1186904f6ab0597d24becc561607711e045ecf6fefbe195cfdff54
output/recovery/20260721_225815_42a2cf_20260725_143949/logs/units/48616.log	supporting_text	.log	979	2026-07-25T06:55:12.305084+00:00	0664		8ae2b7b531ab9049f886e9d25f820618db65267b08a0b8ad3af855aba7c4901f
output/recovery/20260721_225815_42a2cf_20260725_143949/logs/units/48617.log	supporting_text	.log	979	2026-07-25T06:55:15.343114+00:00	0664		f94f672dafed68f2f53bad643647119ce194c595b0200dbf95d1be63153b087e
output/recovery/20260721_225815_42a2cf_20260725_143949/logs/units/48664.log	supporting_text	.log	979	2026-07-25T06:55:15.557116+00:00	0664		9cba832633d23c1ca359de1152c04a5055eb3136096b2e39543798ef1ff2423e
output/recovery/20260721_225815_42a2cf_20260725_143949/logs/units/48665.log	supporting_text	.log	979	2026-07-25T06:55:18.534145+00:00	0664		b8e5f8a2b91c6a6b3dc951a8636570ec0ad24aba176dc1c8596bfdd4b8667d19
output/recovery/20260721_225815_42a2cf_20260725_143949/logs/units/49374.log	supporting_text	.log	999	2026-07-25T06:55:18.901148+00:00	0664		1f862ad221e4b34c102ac20ab0be4ea5cc8b444ae85b8bed73c00d8999fd394f
output/recovery/20260721_225815_42a2cf_20260725_143949/logs/units/49375.log	supporting_text	.log	995	2026-07-25T06:55:21.762176+00:00	0664		6d0c17e0844b3d2d1a984f6ea0f9621baac277368e19540d363faf9a12e75697
output/recovery/20260721_225815_42a2cf_20260725_143949/logs/units/49376.log	supporting_text	.log	997	2026-07-25T06:55:22.039179+00:00	0664		654aaf17dde286dac71b58a8730b6d6ac055463cb2c69539894a179af2c217ec
output/recovery/20260721_225815_42a2cf_20260725_143949/logs/units/49421.log	supporting_text	.log	999	2026-07-25T06:55:25.006208+00:00	0664		abe4740065cd1747ad2c40cbd7381e3d2f0dd63743384b7c354a1f0d495e409b
output/recovery/20260721_225815_42a2cf_20260725_143949/logs/units/49422.log	supporting_text	.log	998	2026-07-25T06:55:25.355211+00:00	0664		513819f356c72f90eec74c948cac13e8f46ec2076365d52ad3d81be820e81beb
output/recovery/20260721_225815_42a2cf_20260725_143949/logs/units/49423.log	supporting_text	.log	998	2026-07-25T06:55:28.088238+00:00	0664		7cecf6928a052b93a0e77e8dbfc98a4ef6fbe18a071936a223350c28adb733fe
output/recovery/20260721_225815_42a2cf_20260725_143949/logs/units/49919.log	supporting_text	.log	998	2026-07-25T06:55:28.406241+00:00	0664		93df182676b147c6c717ae81060d66f014f5649dddfe3fd924d1ebf740d8b58e
output/recovery/20260721_225815_42a2cf_20260725_143949/logs/units/49920.log	supporting_text	.log	995	2026-07-25T06:55:29.878255+00:00	0664		5f2c5f67e0a986889c0f7e9531750ae07aa1ae0e27855bb0ef3f25ff03af0043
output/recovery/20260721_225815_42a2cf_20260725_143949/logs/units/49921.log	supporting_text	.log	999	2026-07-25T06:55:31.458271+00:00	0664		886029f6a2f1373044546451d729b68746c281900e71670ef3db8101c827697a
output/recovery/20260721_225815_42a2cf_20260725_143949/logs/units/49966.log	supporting_text	.log	995	2026-07-25T06:55:31.686273+00:00	0664		0731bb00509580408ff88fdde0fb1b1fcb666d9e6a8f094922c32251a341bb3e
output/recovery/20260721_225815_42a2cf_20260725_143949/logs/units/49967.log	supporting_text	.log	995	2026-07-25T06:55:33.167287+00:00	0664		b1630514eb255e6709f034c41c903bbcb55f12c26af267c5aa6946cfa80519f3
output/recovery/20260721_225815_42a2cf_20260725_143949/logs/units/49968.log	supporting_text	.log	999	2026-07-25T06:55:34.829303+00:00	0664		823932baded846ed0274b6109402f527581886480c7a29db3dfb50fab61008a2
output/recovery/20260721_225815_42a2cf_20260725_143949/logs/units/51726.log	supporting_text	.log	993	2026-07-25T06:55:34.970305+00:00	0664		7b1ec4d4ec9d9cbe4cb1d5739dad27e169fb2114d8bf96e74421281112f08f72
output/recovery/20260721_225815_42a2cf_20260725_143949/logs/units/51727.log	supporting_text	.log	993	2026-07-25T06:55:36.387319+00:00	0664		d9df8fec269e0301c2178d2483d48d8d0a287acddedc99dffdcd8c3d81aea879
output/recovery/20260721_225815_42a2cf_20260725_143949/logs/units/51728.log	supporting_text	.log	993	2026-07-25T06:55:38.029335+00:00	0664		06c00a8c2af8744195a8f1cba4da7e260a938f30a4e5f0ea467268002d493a99
output/recovery/20260721_225815_42a2cf_20260725_143949/logs/units/51773.log	supporting_text	.log	993	2026-07-25T06:55:38.195336+00:00	0664		b53eaabbfb4ecd9dd2f5763809ee8e6a7a869cc81bf24c78a6d69b3f5f945e49
output/recovery/20260721_225815_42a2cf_20260725_143949/logs/units/51774.log	supporting_text	.log	993	2026-07-25T06:55:39.578350+00:00	0664		765fd2d1211bee9539a9f273fb8a935ed304847e61126926b7c359a2ecb94b88
output/recovery/20260721_225815_42a2cf_20260725_143949/logs/units/51775.log	supporting_text	.log	993	2026-07-25T06:55:41.196365+00:00	0664		93c888eb60cbe2f0357f0908a315248036f8d51fbe60361c162d8f6314697f3f
output/recovery/20260721_225815_42a2cf_20260725_143949/mamba_full_assembly.log	supporting_text	.log	18635	2026-07-25T22:09:05.867675+00:00	0664		5b9bf277115a9743fe089c94e1a18cdc470af324cd1fb608b2bdfadfc0e44523
output/recovery/20260721_225815_42a2cf_20260725_143949/mamba_queue_resume.log	supporting_text	.log	423	2026-07-25T15:24:18.229321+00:00	0664		1056495a4c69322df99dc2c32f4f75c00a7dd4fc5535c29932f0c00862a3455c
output/recovery/20260721_225815_42a2cf_20260725_143949/manifests/final_resume_result.json	supporting_text	.json	1953	2026-07-25T10:03:17.724910+00:00	0664		cc6a9c59a67ceafb65234d060d0d5da4240f75974d01127c1ee4e1cd7ab9f8dd
output/recovery/20260721_225815_42a2cf_20260725_143949/manifests/merge_completed.json	supporting_text	.json	339370	2026-07-25T07:03:55.957180+00:00	0664		ed2006a9b524ea5e8c0ac14fe6c58d5786ae4bb0f74552243228ac9c34b3efc0
output/recovery/20260721_225815_42a2cf_20260725_143949/manifests/merge_file_journal.json	supporting_text	.json	337694	2026-07-25T07:03:55.969180+00:00	0664		1481630b801990dce208dac51f36402d4da16ca2af95636854f47b8cc67e0981
output/recovery/20260721_225815_42a2cf_20260725_143949/manifests/packages.json	supporting_text	.json	763	2026-07-25T06:50:02.751072+00:00	0664		64071f877cf58f1b2ca12c4eca4b8a2552b62e3f90d6ff32a1fe40b820318df1
output/recovery/20260721_225815_42a2cf_20260725_143949/manifests/postcheck.json	supporting_text	.json	1621	2026-07-25T07:04:33.600547+00:00	0664		d0e382b15aa0337f894c23b15885f8c6c6722295196406634d64343b0ac335b1
output/recovery/20260721_225815_42a2cf_20260725_143949/manifests/prepare.json	supporting_text	.json	8750	2026-07-25T06:41:13.013916+00:00	0664		10a9aaf36ba4addc8d00575f7430fac71418b4c2eeca5fd4127fb35ec4c92fb6
output/recovery/20260721_225815_42a2cf_20260725_143949/manifests/simulation.json	supporting_text	.json	1851	2026-07-25T07:03:02.747662+00:00	0664		a1eb2fe5a827bbeefff20a3e0da6f0286253974f91d8a68bdd9af268778a84bb
output/recovery/20260721_225815_42a2cf_20260725_143949/manifests/units.json	supporting_text	.json	20649	2026-07-25T06:56:13.826683+00:00	0664		4fb3dfc510ea7563afd3c98648a5a2fb217051d561d22b91ac0315687286140d
output/recovery/20260721_225815_42a2cf_20260725_143949/manifests/validation.json	supporting_text	.json	346322	2026-07-25T07:00:09.903980+00:00	0664		385ee56f2c88baf7bd35e37c5ee243a8bf3a0dd38a765593c8dfae6ecd92e52a
output/recovery/20260721_225815_42a2cf_20260725_143949/overnight_launcher.nohup.log	supporting_text	.log	1370	2026-07-25T15:24:18.302321+00:00	0664		8f012773ce31245d461282813a2b0bde6f21d94e012c7452ad149ab2c130fab4
output/recovery/20260721_225815_42a2cf_20260725_143949/overnight_remaining_assemblies.log	supporting_text	.log	1348	2026-07-25T15:24:18.302321+00:00	0664		f46e8c31b60f3e59fe1600bb6a2c10ce249d053f3fa4825f04af4ddb0f5c3470
output/recovery/20260721_225815_42a2cf_20260725_143949/overnight_root_assemblies.log	supporting_text	.log	1328	2026-07-26T01:00:25.494713+00:00	0664		2d9630fef47fc18bd2b027403036a044677fe90927d24b49efd11e2de43dbe50
output/recovery/20260721_225815_42a2cf_20260725_143949/overnight_root_launcher.nohup.log	supporting_text	.log	1350	2026-07-26T01:00:25.494713+00:00	0664		bbace202dedfa7c0f4cfaf670e2234a7dee446c6eed64ce62705a8ea9581ddcc
output/recovery/20260721_225815_42a2cf_20260725_143949/queue_fix_test_runner.py	code_candidate	.py	4865	2026-07-25T14:34:25.874202+00:00	0644		050d343995f63facc04ecf62c13e7a72f875873a1cff7a07c35759075ae58bce
output/recovery/20260721_225815_42a2cf_20260725_143949/reconcile_v5_run.log	supporting_text	.log	6748	2026-07-26T06:49:01.239226+00:00	0664		6b59e0c474802c98d77ff92ab161f6c64fd31425588e1841287d97897bf32671
output/recovery/20260721_225815_42a2cf_20260725_143949/reconcile_v5_run.py	code_candidate	.py	5335	2026-07-26T05:49:33.095502+00:00	0644	#!/usr/bin/env python3	db5a90776258360686e22b0da9ede8269666dced861fd506109f7b0f1fdadcca
output/recovery/20260721_225815_42a2cf_20260725_143949/run_remaining_assemblies.sh	code_candidate	.sh	4665	2026-07-25T15:23:20.853762+00:00	0750	#!/usr/bin/env bash	f5a49423d8cabf77de8222e246d5c7e29e635cd11bb04df1c488066cf71521c0
output/recovery/20260721_225815_42a2cf_20260725_143949/run_remaining_assemblies_root.sh	code_candidate	.sh	4922	2026-07-25T16:29:03.636128+00:00	0750	#!/usr/bin/env bash	dbadb061dfb34ca086fb0d51f28fa7c30a5a0393fdbcd1035d77a547578a5b06
output/recovery/20260721_225815_42a2cf_20260725_143949/run_spec.json	supporting_text	.json	28093	2026-07-25T06:41:12.820915+00:00	0664		f97ac8978aa0f85728c21cca081d1e3cfb79225fee656402985b42b6dca57dd5
output/recovery/20260721_225815_42a2cf_20260725_143949/scale_acceptance.streaming.stage.py	code_candidate	.py	12290	2026-07-26T05:10:10.465513+00:00	0755	#!/usr/bin/env python3	769a47961a7af790cc3866092ff77860a91d849af1e62d2aef2c53fba2d04057
output/recovery/20260721_225815_42a2cf_20260725_143949/setr_full_assembly.log	supporting_text	.log	17342	2026-07-25T18:47:13.310800+00:00	0664		e1e46143c7568c0860c713892a2a7c647fb6f59b1cfa8c8ee9baac7753035315
output/recovery/20260721_225815_42a2cf_20260725_143949/setr_queue_resume.log	supporting_text	.log	413	2026-07-25T15:24:18.253321+00:00	0664		0119ea3f4d0ed7ef5d7bc1a460e6eaab74cae88077725c004b50bfad368f9743
output/recovery/20260721_225815_42a2cf_20260725_143949/swin_queue_resume.log	supporting_text	.log	18469	2026-07-25T15:14:50.047792+00:00	0664		f9ce6b2b627d5110f4063a4c4f402d51e988e0bbee7e6041a79fd5421d94fd81
output/recovery_tools/tencent_resume_runner.py	code_candidate	.py	5759	2026-07-25T07:16:12.243345+00:00	0644	#!/usr/bin/env python3	575e33af8631b02fa0d272deccf4026629c9b2cb4492ddff6ae5f24d1698e1a0
output/recovery_tools/tencent_targeted_recovery.py	code_candidate	.py	70971	2026-07-25T07:02:46.540505+00:00	0644	#!/usr/bin/env python3	a67594b9755755d1d9dbc4232ea3f1d3dd66894cfc6d9e60c35ea3fbd60eae38
