status	path	error
passed	installed_plugin/__init__.py	
passed	installed_plugin/core/__init__.py	
passed	installed_plugin/core/accepted_writer.py	
passed	installed_plugin/core/async_runner.py	
passed	installed_plugin/core/class_workspace.py	
passed	installed_plugin/core/difference_filter.py	
passed	installed_plugin/core/environment_report.py	
passed	installed_plugin/core/final_assembler.py	
passed	installed_plugin/core/fusion_profile.py	
passed	installed_plugin/core/inference_config.py	
passed	installed_plugin/core/layer_manager.py	
passed	installed_plugin/core/layer_names.py	
passed	installed_plugin/core/manual_run_loader.py	
passed	installed_plugin/core/model_registry.py	
passed	installed_plugin/core/ownership_neighbors.py	
passed	installed_plugin/core/pipeline_plan.py	
passed	installed_plugin/core/process_compat.py	
passed	installed_plugin/core/qgis_writer.py	
passed	installed_plugin/core/result_catalog.py	
passed	installed_plugin/core/run_builder_v5.py	
passed	installed_plugin/core/run_spec.py	
passed	installed_plugin/core/run_state_db.py	
passed	installed_plugin/core/sam3_worker_runner.py	
passed	installed_plugin/core/spatial_planner.py	
passed	installed_plugin/core/style_manager.py	
passed	installed_plugin/core/tile_extraction_runner.py	
passed	installed_plugin/core/tile_manager.py	
passed	installed_plugin/core/topology_validator.py	
passed	installed_plugin/core/v5_async_runner.py	
passed	installed_plugin/core/work_package_planner.py	
passed	installed_plugin/gui/__init__.py	
passed	installed_plugin/gui/class_refinement_dialog.py	
passed	installed_plugin/gui/inference_config_dialog.py	
passed	installed_plugin/gui/inference_monitor.py	
passed	installed_plugin/gui/log_panel.py	
passed	installed_plugin/gui/main_dock.py	
passed	installed_plugin/plugin.py	
passed	repository/inference_scripts/.assemble_stream.queue_fix.stage.py	
passed	repository/inference_scripts/_device.py	
passed	repository/inference_scripts/accepted_score.py	
passed	repository/inference_scripts/assemble_stream.py	
passed	repository/inference_scripts/boundary_ab_validate.py	
passed	repository/inference_scripts/boundary_fitting/__init__.py	
passed	repository/inference_scripts/boundary_fitting/unit_runtime.py	
passed	repository/inference_scripts/boundary_regularizer.py	
passed	repository/inference_scripts/check_environment.py	
passed	repository/inference_scripts/common_boundary_smoother.py	
passed	repository/inference_scripts/deployment_config.py	
passed	repository/inference_scripts/difference_runtime.py	
passed	repository/inference_scripts/finalize_partition_rasters.py	
passed	repository/inference_scripts/fusion_runtime.py	
passed	repository/inference_scripts/incremental_fusion.py	
passed	repository/inference_scripts/mosaic_builder.py	
passed	repository/inference_scripts/partition_mosaic.py	
passed	repository/inference_scripts/polygonize_mosaic.py	
passed	repository/inference_scripts/polyline_ab_validate.py	
passed	repository/inference_scripts/polyline_smoother.py	
passed	repository/inference_scripts/rasterio_compat.py	
passed	repository/inference_scripts/runtime_metrics.py	
passed	repository/inference_scripts/sam3_interactive_worker.py	
passed	repository/inference_scripts/sam3_refine.py	
passed	repository/inference_scripts/scale_acceptance.py	
passed	repository/inference_scripts/seam_band_validate.py	
passed	repository/inference_scripts/semantic_batch.py	
passed	repository/inference_scripts/subpixel_vectorize_experiment.py	
passed	repository/inference_scripts/subpixel_vectorizer.py	
passed	repository/inference_scripts/tile_materializer.py	
passed	repository/inference_scripts/torchscript_runtime.py	
passed	repository/inference_scripts/work_package_runtime.py	
passed	repository/output/audits/20260721_225815_42a2cf_fragmentation_20260726/audit_fusion_fragmentation.py	
passed	repository/output/audits/20260721_225815_42a2cf_fragmentation_20260726/audit_resolution_collapse.py	
passed	repository/output/recovery/20260721_225815_42a2cf_20260725_143949/assemble_stream.queue_fix.stage.py	
passed	repository/output/recovery/20260721_225815_42a2cf_20260725_143949/backups/assemble_stream.py.pre_queue_fix_20260725	
passed	repository/output/recovery/20260721_225815_42a2cf_20260725_143949/backups/reconcile_v5_run.py.pre_skip_finalizer_20260726	
passed	repository/output/recovery/20260721_225815_42a2cf_20260725_143949/backups/scale_acceptance.py.pre_streaming_20260726	
passed	repository/output/recovery/20260721_225815_42a2cf_20260725_143949/queue_fix_test_runner.py	
passed	repository/output/recovery/20260721_225815_42a2cf_20260725_143949/reconcile_v5_run.py	
passed	repository/output/recovery/20260721_225815_42a2cf_20260725_143949/scale_acceptance.streaming.stage.py	
passed	repository/output/recovery_tools/tencent_resume_runner.py	
passed	repository/output/recovery_tools/tencent_targeted_recovery.py	
passed	repository/qgis_plugins/labeling_tool/__init__.py	
passed	repository/qgis_plugins/labeling_tool/core/__init__.py	
passed	repository/qgis_plugins/labeling_tool/core/accepted_writer.py	
passed	repository/qgis_plugins/labeling_tool/core/async_runner.py	
passed	repository/qgis_plugins/labeling_tool/core/class_workspace.py	
passed	repository/qgis_plugins/labeling_tool/core/difference_filter.py	
passed	repository/qgis_plugins/labeling_tool/core/environment_report.py	
passed	repository/qgis_plugins/labeling_tool/core/final_assembler.py	
passed	repository/qgis_plugins/labeling_tool/core/fusion_profile.py	
passed	repository/qgis_plugins/labeling_tool/core/inference_config.py	
passed	repository/qgis_plugins/labeling_tool/core/layer_manager.py	
passed	repository/qgis_plugins/labeling_tool/core/layer_names.py	
passed	repository/qgis_plugins/labeling_tool/core/manual_run_loader.py	
passed	repository/qgis_plugins/labeling_tool/core/model_registry.py	
passed	repository/qgis_plugins/labeling_tool/core/ownership_neighbors.py	
passed	repository/qgis_plugins/labeling_tool/core/pipeline_plan.py	
passed	repository/qgis_plugins/labeling_tool/core/process_compat.py	
passed	repository/qgis_plugins/labeling_tool/core/qgis_writer.py	
passed	repository/qgis_plugins/labeling_tool/core/result_catalog.py	
passed	repository/qgis_plugins/labeling_tool/core/run_builder_v5.py	
passed	repository/qgis_plugins/labeling_tool/core/run_spec.py	
passed	repository/qgis_plugins/labeling_tool/core/run_state_db.py	
passed	repository/qgis_plugins/labeling_tool/core/sam3_worker_runner.py	
passed	repository/qgis_plugins/labeling_tool/core/spatial_planner.py	
passed	repository/qgis_plugins/labeling_tool/core/style_manager.py	
passed	repository/qgis_plugins/labeling_tool/core/tile_extraction_runner.py	
passed	repository/qgis_plugins/labeling_tool/core/tile_manager.py	
passed	repository/qgis_plugins/labeling_tool/core/topology_validator.py	
passed	repository/qgis_plugins/labeling_tool/core/v5_async_runner.py	
passed	repository/qgis_plugins/labeling_tool/core/work_package_planner.py	
passed	repository/qgis_plugins/labeling_tool/gui/__init__.py	
passed	repository/qgis_plugins/labeling_tool/gui/class_refinement_dialog.py	
passed	repository/qgis_plugins/labeling_tool/gui/inference_config_dialog.py	
passed	repository/qgis_plugins/labeling_tool/gui/inference_monitor.py	
passed	repository/qgis_plugins/labeling_tool/gui/log_panel.py	
passed	repository/qgis_plugins/labeling_tool/gui/main_dock.py	
passed	repository/qgis_plugins/labeling_tool/plugin.py	
passed	repository/tests/__init__.py	
passed	repository/tests/conftest.py	
passed	repository/tests/create_e9_formal_run.py	
passed	repository/tests/create_e9_formal_sam3_job.py	
passed	repository/tests/create_e9_pipeline_fixture.py	
passed	repository/tests/prepare_v5_l0_run.py	
passed	repository/tests/smoke_boundary_regularizer_geoai.py	
passed	repository/tests/smoke_polygonize_geoai.py	
passed	repository/tests/stress_v5_control_plane.py	
passed	repository/tests/test_accepted_score.py	
passed	repository/tests/test_boundary_ab_validate.py	
passed	repository/tests/test_common_boundary_smoother.py	
passed	repository/tests/test_coverage_simplification.py	
passed	repository/tests/test_deployment_config.py	
passed	repository/tests/test_difference_runtime.py	
passed	repository/tests/test_environment_report.py	
passed	repository/tests/test_environment_status.py	
passed	repository/tests/test_fusion_runtime.py	
passed	repository/tests/test_incremental_fusion.py	
passed	repository/tests/test_model_registry.py	
passed	repository/tests/test_mosaic_builder.py	
passed	repository/tests/test_no_legacy_runtime.py	
passed	repository/tests/test_object_components.py	
passed	repository/tests/test_partition_mosaic.py	
passed	repository/tests/test_pipeline_plan.py	
passed	repository/tests/test_polygonize_mosaic.py	
passed	repository/tests/test_polyline_smoother.py	
passed	repository/tests/test_qgis4_migration.py	
passed	repository/tests/test_result_catalog.py	
passed	repository/tests/test_run_builder_v5.py	
passed	repository/tests/test_run_spec.py	
passed	repository/tests/test_run_state_db.py	
passed	repository/tests/test_sam3_interactive_worker.py	
passed	repository/tests/test_seam_band_validate.py	
passed	repository/tests/test_semantic_batch.py	
passed	repository/tests/test_spatial_planner.py	
passed	repository/tests/test_subpixel_vectorize_experiment.py	
passed	repository/tests/test_subpixel_vectorizer.py	
passed	repository/tests/test_torchscript_runtime.py	
passed	repository/tests/test_work_package_planner.py	
passed	repository/tests/test_work_package_runtime.py	
