path	size	mtime_utc	mode	sha256
.omo/drafts/pyqt5-compat.md	579	2026-07-21T06:38:37.474218+00:00	0664	9d84b2e024bc64341cc27b611045cea7b223c209fb7d03e77988f68cb513b16f
.omo/drafts/qgis-apt-install.md	3268	2026-07-21T01:01:46.077302+00:00	0664	fd30f68ffaccfe424eb1fd1ff07a9778512a754312a882a04e7792324e63f686
.omo/evidence/final-verification-qgis-apt-install.txt	1580	2026-07-21T01:17:56.349138+00:00	0664	314d4dbb9c465fc5179b04bcb94fcd8868d98b96b21d1b5a4ef7a14ef206797e
.omo/evidence/task-0-qgis-apt-install.txt	271	2026-07-21T01:13:04.010859+00:00	0664	7d260c0694133ce9adc492087f51c256acf9f1eeb2c5d0592f80bb9ab41cced5
.omo/evidence/task-1-qgis-apt-install.txt	388	2026-07-21T01:13:49.473316+00:00	0664	b667c9a1a7a75811af72dc6bc71ce890efe377153e3f5c848f1a31aafa0fda56
.omo/evidence/task-2-qgis-apt-install.txt	755	2026-07-21T01:13:49.474316+00:00	0664	7c9f6dcac5dfa4586d9d7b415186b961dc7ba6534ff8a0771dd7893d06415a82
.omo/evidence/task-3-qgis-apt-install.txt	427	2026-07-21T01:15:48.109027+00:00	0664	dc7ca412f6d9f786bb6615bde98249cf67be8fe72cc9028a76e732ae79e6945b
.omo/evidence/task-4-qgis-apt-install.txt	911	2026-07-21T01:16:38.298042+00:00	0664	b4fc4ef5a6cdea38d7bc638ab4fbe7a600887f04b6d3e4fb350d456debc2d7f7
.omo/evidence/task-5-qgis-apt-install.txt	645	2026-07-21T01:17:04.547763+00:00	0664	c921331191b47592f3aee4feeda00f5431bc1a02bd00deeb8a8ef491280ee27f
.omo/plans/pyqt5-compat.md	7313	2026-07-21T06:39:03.415470+00:00	0664	f117440237b501f19a0cf07284c34583d3dcd5dc03819b3b3558c4a078a4bd38
.omo/plans/qgis-apt-install.md	10708	2026-07-21T01:09:58.614321+00:00	0664	07748d56f7ae49467403970ebe8d85219d22443639d61b360562a798147c7fd8
.omo/qgis-wrapper.sh	249	2026-07-21T01:16:01.026158+00:00	0664	cfce6760be7d3b575c600b18a8a51cefa0743b753e9456f88e647fe0abe9e29c
.omo/run-continuation/ses_07c96e9c3ffeoprPsG1JwtPI32.json	214	2026-07-21T06:47:43.244529+00:00	0664	cb284e4ebd10d182b31e5ad6c264df0f4e27aebff6e00d1d096afee42725c039
.omo/run-continuation/ses_07c9ab6d0ffecfSy2FDl7Xui72.json	214	2026-07-21T06:39:10.502539+00:00	0664	531dd41cd9bc46eb7e5dc25f163677832003acf076655c833362d3e053dec994
.omo/run-continuation/ses_07c9f4e7cffe5lNaluB8tugFWL.json	214	2026-07-21T06:36:45.293126+00:00	0664	dbacdb7bf9e1d11b68d437e5ec4c9164d268ca80348ed86c291e11895d8e7c14
.omo/run-continuation/ses_07dc4ae86ffeYtGatRy11trDLO.json	214	2026-07-21T01:18:05.948399+00:00	0664	e181d14ff87a16b84e0b53a3327f1dded1e1fae8c7b9201253e97c075650211f
.omo/run-continuation/ses_07dc5fa60ffeiRG8pD3JCFPfrp.json	214	2026-07-21T01:11:40.915256+00:00	0664	bdea718ad987bd86bcaef7c65152d7b6ebf677730ab458cc939461e987fc0729
.omo/run-continuation/ses_07dcd92a7ffeMvoAr1pNJeBGEm.json	214	2026-07-21T01:05:21.221377+00:00	0664	b80b46aea15bf27459a907731331752b3a4fe72955d6d2c469f9de2ce369cc53
.omo/run-continuation/ses_07dd0d03affeQjyaPNDqMAhBOZ.json	214	2026-07-21T01:00:12.886620+00:00	0664	df7443232c1144b2f70d6935e018a53f1311806430ec3691c4c9d392f5155d17
.omo/run-continuation/ses_08067aff4ffefQvikbcZsr35vn.json	214	2026-07-20T12:55:28.504946+00:00	0664	e7955aee3b87705599242fcf7f7a661ae375e56b54e9f8247a93417ea9fc755f
.omo/run-continuation/ses_080684aa8ffeiEJdz3OjQtSiXj.json	214	2026-07-20T12:54:56.923605+00:00	0664	84f05868c5a4fd7d30f1cbb6c7e2f79c2c918b14641193b6295fcd4de69c0c0e
.omo/run-continuation/ses_0806abe16ffemKrh1XopVKXWQD.json	214	2026-07-20T12:52:13.322868+00:00	0664	019ccc4982e4dc4d934c661d60c0adbb932faa96799890663dd216e8bc0dda45
.omo/run-continuation/ses_0806b7900ffefwGDD4rHNuAaoA.json	214	2026-07-20T12:51:29.461530+00:00	0664	638ca8cde6915876a23ebb4415afbc77408ac705605a3c0643e35d0f10e7e0ec
.omo/run-continuation/ses_0806c0eb8ffef7OURdACEOAb7i.json	214	2026-07-20T12:50:50.169326+00:00	0664	0a83a782ca285f9b0430956248a0041ceb1d883cc27f5a6cf49b424dbda4e29b
.omo/run-continuation/ses_0806c90b7ffe2123Fu3Hy6qXdf.json	214	2026-07-20T12:50:10.817004+00:00	0664	a4ba60ec9917da81ecfa8ce62a99c5f4859664dcc1559d9a1090658c4323f692
.omo/run-continuation/ses_0806ddaecffewBvYBrL8wP12Qn.json	214	2026-07-20T12:48:58.353401+00:00	0664	6babd7e156146f2c67b116930773004b813a48371ea43d171cd81d22b9997eb0
.omo/run-continuation/ses_0806e7190ffeWdmdMB8B0KNrBo.json	214	2026-07-20T12:48:12.762264+00:00	0664	65b0e2f71e8a9b2d9ce40b95813ee2726b7d838440f4fa731246569c9284a0aa
.omo/run-continuation/ses_080718baaffeyn0tqffIFnxR8p.json	214	2026-07-20T12:44:59.514419+00:00	0664	a1684b7d83a949e3113bf2a173427146c9fe0271db8ec11f1009559f2bc7190a
.omo/run-continuation/ses_080740b66ffe8S96dlLjFoOb4z.json	214	2026-07-20T12:42:11.746285+00:00	0664	68a55a37296bc352ddca4a4f91fc91b287bf4b78aac5e85d65de73c262112383
.omo/run-continuation/ses_080795ba1ffeT6gaYHclXXJisB.json	214	2026-07-20T12:41:23.575103+00:00	0664	09648d02aa4b33e7c7971aa587d8b39e588f4243e42da7afd1189403db7eec60
.omo/run-continuation/ses_08099fba6ffeQd8fipNMcfSXOL.json	214	2026-07-20T12:35:41.972528+00:00	0664	a68b9562c172b0d5358ae6af96a7654e4c6e293221e03a56eb0d09236058166b
.omo/run-continuation/ses_0809e1d3affefcC9rVEt3f33dJ.json	214	2026-07-20T11:59:57.823990+00:00	0664	53fada2435907f017b7554947b88f43b9da1c0f832708a7d09e4f89bf0b1bcc3
.omo/run-continuation/ses_0809f14ecffe77qsRhm5gkS9jc.json	214	2026-07-20T11:55:04.207608+00:00	0664	bd610fec7531b4c86cf87f1e9064bd03aed57c1594c942d18d4aed9741ca25d4
.omo/run-continuation/ses_080a031bdffehuM0ny4eui56IU.json	214	2026-07-20T11:54:13.728287+00:00	0664	57e486c95ff620ac389266b83e9de8df376609ebec0b903e005a2a2677e41e9b
.omo/run-continuation/ses_080ab5f84fferK1NkxztjOdBQe.json	214	2026-07-20T11:53:23.857859+00:00	0664	018b9a18ee567ca38ea7d1eaeb8ad5a98b7bcc2f6dc6455d4ec602f2a95c4fc5
.omo/run-continuation/ses_080abe41affeAwHBBSgMDkXmgL.json	214	2026-07-20T11:41:09.795416+00:00	0664	8c654a66665ae8b5fdd4f4233a9c25d61dc1982748386a06b0c3fe6f1f63a773
.omo/run-continuation/ses_080ac5809ffe2uzMW1NUM2Pr0y.json	214	2026-07-20T11:40:37.083191+00:00	0664	30bff1c6762b59c1c6d955e9c2424ea792e45d44e39dc9b51fee943175a5e1ea
.omo/run-continuation/ses_080acd95effe15giv2bkyrL1bh.json	214	2026-07-20T11:40:07.972132+00:00	0664	a22697ed2eb2ecbb10eb74830e68533ed651bb2b358a3ffaf16bb5161f19839c
.omo/run-continuation/ses_080ad54a9ffem0AuCga5473EsB.json	214	2026-07-20T11:39:33.370918+00:00	0664	061006f30b6921044798b0ef14bbabd651fef61b7a18501f02db6b848b38cd2e
.omo/run-continuation/ses_080ada043ffeim2q4t7Yhe4aS7.json	214	2026-07-20T11:39:03.022897+00:00	0664	12a95420af5a213f14325496e153b9d2a21542a5e285d7e9ae765767d9bfa59d
.omo/run-continuation/ses_080ae8a26ffeGkUgQ0dtiJsLQe.json	214	2026-07-20T11:38:41.263194+00:00	0664	731ba839d91835373d744f9ffc2d714cb053b5f6f225951d6fd8110f55e53157
.omo/run-continuation/ses_080b38d86ffewZoFF6wazhh4Qg.json	214	2026-07-20T11:37:43.729468+00:00	0664	3f5d729470868c3a5120b8e3cb467ec34f68711ab7597e6d0ce3dde3c2394abf
.omo/run-continuation/ses_080b5ce57ffeEPM623566xhuDx.json	214	2026-07-20T11:32:14.493529+00:00	0664	bd63c9cfe1d367f65aef937fedff2f354f762351cafd088214c15a554343dbba
.omo/run-continuation/ses_080b64529ffeh8QCOwHkBLvP5V.json	214	2026-07-20T11:29:39.505742+00:00	0664	fddf406e4b048ba763348705f0d12a765584a5ca5a3e4f74dcc9f92338981924
.omo/run-continuation/ses_080c15714ffeF0hD4D5AJ6WeFP.json	214	2026-07-20T11:17:30.012398+00:00	0664	e836d73e74d6212a491e53cd48039bdbd95939cc22ee4a6d65174519855dfd01
.omo/run-continuation/ses_080c2c804ffeVmcqOJsxTmzkqC.json	214	2026-07-20T11:16:34.685017+00:00	0664	0d3cd9dd943f2144bb3333bdcb520521540838fb34cf1fb79eab097958352cb9
.omo/run-continuation/ses_08119a525ffe2Q9LIytII3UGPc.json	214	2026-07-21T07:45:39.032353+00:00	0664	f9bb342c2b2371a5bf6e68123d738f2a52cf9de15edc1a9647942b106d315ad6
.omo/run-continuation/ses_082b2ef7dffekbNjPiruiftFJf.json	214	2026-07-20T09:46:51.254298+00:00	0664	ff52a4ea76e979919e57573e050f8f2240da1cfc160fcc0e61ddf48a2aef827a
.opencode/.gitignore	63	2026-07-20T02:13:10.267162+00:00	0664	663a068e76d264d0bc6740f5450b6c4193c7b41ecf5e0dc222485b8a17404d95
.opencode/memory/.gitignore	2	2026-07-20T02:12:46.886502+00:00	0664	cdbcae15105d6b781e620813c79c7e868740d4e9cc53ce6f5fcbbc12387adf4b
.opencode/memory/project.md	69	2026-07-20T02:12:46.894502+00:00	0664	b43f12ede22d557a2e7eae82fa679b549c2ea641e19ee7697d7545287d71cd33
.opencode/package-lock.json	14626	2026-07-20T02:13:22.295269+00:00	0664	60c3e9d8d3b085faf4ad3cb32afbbd36cceaf34ad983833a1ef1b7d44d1b7750
.opencode/package.json	64	2026-07-20T02:13:20.390252+00:00	0664	b6ebd9719f8c08ec08e82386fa70b3f7bdaf2be4ca0a570c7ec9bd95ffbdd201
docs/DATA_INDEX.md	2484	2026-07-15T02:53:16+00:00	0644	3a0a14a8d46cfe3bf42b340d78e3f10457101d0421f790673bbe6a58eb29bc68
docs/IMPLEMENTATION_STATUS.md	78565	2026-07-21T14:59:11.384490+00:00	0644	eba56b40abc4412e70c60c202232b66eae763c5e3b80d9e1b9327777db35d791
docs/PROJECT_IDEA.md	3498	2026-07-15T02:53:16+00:00	0644	57deb1ae824aebce61ae0d344d950f742343e119fe0877df02afb096ae2bfaad
docs/design_inference_env_ui.md	16919	2026-07-15T02:53:16+00:00	0644	c8cbba372b016eea695fe5466fbcdccf02c4791ff1a1567f64a4e759d383d24f
docs/inference_mechanism.html	24077	2026-07-15T02:53:16+00:00	0644	e1eede0e5096c349a99d4aa7b149b10e608293d8bc34cd9184b5b4103ea9ba21
docs/plugin_plan_v3.md	96004	2026-07-21T14:48:45.617673+00:00	0644	28111694972cf08dfba7caf054d3454596b2b65abc1a317d809d4c966c096703
inference_scripts/.DS_Store	6148	2026-07-21T10:42:41.770000+00:00	0755	813d95075db11eb9227024c5f794102302c0588ae55887b63de1c9bd8c42fb19
inference_scripts/.assemble_stream.queue_fix.stage.py	37425	2026-07-25T14:42:10.768726+00:00	0755	dc86d1d96fb6603de417e7b5b20a3d1f4e69f20bcc55d53444d91aa8ffd3eaac
inference_scripts/_device.py	1579	2026-07-21T10:02:04.200000+00:00	0755	9c4abd7451144f5737776cfb99ef733c61a4a7c1cb871dc7d6f8208751fec217
inference_scripts/accepted_score.py	3129	2026-07-21T10:02:04.200000+00:00	0755	d8c62de313e8b3646562b36d45551e8698520334e04b2669dbd6dd92fcb0201b
inference_scripts/assemble_stream.py	37425	2026-07-25T14:43:43.743630+00:00	0755	dc86d1d96fb6603de417e7b5b20a3d1f4e69f20bcc55d53444d91aa8ffd3eaac
inference_scripts/assets/bpe_simple_vocab_16e6.txt.gz	1356917	2026-07-21T10:02:04.220000+00:00	0755	924691ac288e54409236115652ad4aa250f48203de50a9e4722a6ecd48d6804a
inference_scripts/boundary_ab_validate.py	17435	2026-07-21T10:02:04.200000+00:00	0755	4d1fdd79122b78ad71eefac9a8d65573df6285afc84e02d3dd62b76d03f3c1e0
inference_scripts/boundary_fitting/__init__.py	69	2026-07-21T10:02:04.220000+00:00	0755	074f6211aa3c505406a24d7fe71ad6d7f08d37f0b8934af025b310d40e035294
inference_scripts/boundary_fitting/unit_runtime.py	25404	2026-07-21T10:02:04.220000+00:00	0755	cd41dbe4f834d4a8b16be6715a67a45bc00e013f53d9416aab39f0bd7b7c0a59
inference_scripts/boundary_regularizer.py	37552	2026-07-21T10:02:04.200000+00:00	0755	b9e3ed77d1ac8518e2deffbe23a0eee603c7a7b7ec358991b328f9443367992c
inference_scripts/check_environment.py	33215	2026-07-21T11:43:33.660263+00:00	0755	8a0b0655d996b017465c6f87ee8899c826096bdb9ef85de440505b3adfae9160
inference_scripts/class_map_14.csv	246	2026-07-21T10:02:04.210000+00:00	0755	ca67fc64531d3fa264319f1cea9f6fcbbd77e477ab0b950bddf1d3b60a96d726
inference_scripts/common_boundary_smoother.py	20144	2026-07-21T10:02:04.210000+00:00	0755	b2ff6adb0b4dcfd958f8c337b7388038df1f6d59a5f5cbc0764995eea9acddca
inference_scripts/config.sh	1151	2026-07-21T13:25:05.015542+00:00	0755	cfa3bfefa8e4c71fa03a2f9bf7ab80911df5f24bc042bf435cfb3a6c1ad80d79
inference_scripts/config.yaml	1917	2026-07-21T13:25:05.014542+00:00	0755	dec9198223b571057b46b3bf42e70b8a65e5fbd6abf12df4b3ff9e7c8803f129
inference_scripts/deployment_config.py	29555	2026-07-21T10:02:04.210000+00:00	0755	04878660ffd55e185bee53fbcb6d1a0526445e38b2300cdc6aa395d963c803b2
inference_scripts/difference_runtime.py	4889	2026-07-21T10:02:04.210000+00:00	0755	ac90dbece5673f291f042a49a67cf44a944cb3f95e6789426021f00032f933ee
inference_scripts/environment-linux-cu124.yml	519	2026-07-21T11:43:33.630262+00:00	0755	efcc38475daa0fc79313bb62b13c9d08589436baf3715176d8a6e7a9a25e8284
inference_scripts/finalize_partition_rasters.py	4531	2026-07-21T10:02:04.210000+00:00	0755	4d8623e1c62b4e97df5573cc03593c27c29e5a594a5717c309cf2ad55dab919a
inference_scripts/fusion_runtime.py	14918	2026-07-21T10:02:04.210000+00:00	0755	8eb738b80cb4621e0d4ec48f499e800135552968a7d2133ee963873af6d67f00
inference_scripts/incremental_fusion.py	8073	2026-07-21T10:02:04.210000+00:00	0755	c97c333b07bef5dbea70553b94bdde4a7b7c78582485d1fc8056ddce9e1d9787
inference_scripts/mosaic_builder.py	13947	2026-07-21T10:02:04.210000+00:00	0755	b05108940716c1ad3a30858da453ede1b8890adf086cd17c5bde6774c4ff5b6e
inference_scripts/partition_mosaic.py	11152	2026-07-21T10:02:04.210000+00:00	0755	450e200acf0f7c1729f0c7a258f4f5b934cddbe3fffaf0619c6e5889516969ab
inference_scripts/polygonize_mosaic.py	7059	2026-07-21T10:02:04.210000+00:00	0755	ac78f44678f87554f8c1d14797a8959469ea335e0f036908a0d9aa9a386e5994
inference_scripts/polyline_ab_validate.py	8882	2026-07-21T10:02:04.210000+00:00	0755	24bb0cc39f62e726d3cbb5090456462aa645d2d862c3882543d34e558298da1c
inference_scripts/polyline_smoother.py	13850	2026-07-21T10:02:04.210000+00:00	0755	7b4050658e7a30b9c0d3f61a0a5116421eaca91cc0bd997c82a1f55f85eb9e3f
inference_scripts/rasterio_compat.py	832	2026-07-21T10:02:04.210000+00:00	0755	a96a2f7780dd727fce2d09945ce18f99a32171ad34d5377e340a6940bb04a289
inference_scripts/run_assemble_stream.sh	280	2026-07-21T10:02:04.210000+00:00	0755	1771aa86ed1df05a1b6bca82f675ff2888a7d9c0518d49d8cc02901a657c7b51
inference_scripts/run_boundary_ab_validation.sh	218	2026-07-21T10:02:04.210000+00:00	0755	9e150f9f73c1a62f7e46ca6eb6bff8720680d4a9511d39f5f9ce43f5918cc762
inference_scripts/run_boundary_regularizer.sh	218	2026-07-21T10:02:04.210000+00:00	0755	4c8dd668cdfad4f9a83c7626161e6495497eebfa74ac721691b23ba18034bdf0
inference_scripts/run_env_check.sh	504	2026-07-21T10:02:04.210000+00:00	0755	303b100299b348774520e2d500a652621f450e65473f28792791d016c98142db
inference_scripts/run_finalize_partition_rasters.sh	285	2026-07-21T10:02:04.210000+00:00	0755	83cc249d79ff702cdd9552f5d858999e1eb118ca7f1852b460b9b0957a0d2382
inference_scripts/run_fusion.sh	302	2026-07-21T10:02:04.210000+00:00	0755	ea4d43c26feb5597eb1daa64683f9dd234f9a361d91480057f3008ae11b92790
inference_scripts/run_mosaic.sh	279	2026-07-21T10:02:04.210000+00:00	0755	ec6ed30b36f4433cadeca84f1973cefcb1cc977a540d0f2ab543ab0f39984694
inference_scripts/run_polygonize.sh	285	2026-07-21T10:02:04.210000+00:00	0755	ce1a21c4311f3085805bba3d64414e1f133b36df41e3b55dc923d9f6c2ab82ee
inference_scripts/run_polyline_smooth.sh	215	2026-07-21T10:02:04.210000+00:00	0755	3bb83a6840a8da36935431cb9c4349379f3d76adeecc1981286cbb5c246378a0
inference_scripts/run_sam3_interactive_worker.sh	221	2026-07-21T10:02:04.210000+00:00	0755	61b467ebde65e157748a20babd38501d12254436592e67e50a71e478481834e9
inference_scripts/run_scale_acceptance.sh	265	2026-07-21T10:02:04.210000+00:00	0755	8a68ef825cdfb81f1852adfaa2dcd63e54f0bbaf3ed0eb47ff54fc2bd3d5ae24
inference_scripts/run_seam_validation.sh	282	2026-07-21T10:02:04.210000+00:00	0755	5272d567a1645449f3c3c318b44d94927de7fa5455387a4097d27b567b91e5e2
inference_scripts/run_semantic_batch.sh	309	2026-07-21T10:02:04.210000+00:00	0755	208a714f49512cefcb96b8d7daba7c31029d14c76353675642973719429d445e
inference_scripts/run_subpixel_vectorize.sh	217	2026-07-21T10:02:04.210000+00:00	0755	d02a60c974a56aa7bf2e5273e7febc15bd435f35e36aadc19382081edefe28ad
inference_scripts/run_unit_fit.sh	337	2026-07-21T10:02:04.220000+00:00	0755	74f976eb60280c9be8dcca5250f5342d0f0e1da6ebdcf102026a5044f3f09915
inference_scripts/run_work_package.sh	314	2026-07-21T10:02:04.220000+00:00	0755	3d843cbd2316011bdc47e3d95a586db0f99d9aab22f0378ea68a8dfadb3d14a2
inference_scripts/runtime_metrics.py	654	2026-07-21T10:02:04.220000+00:00	0755	189719a898e277a425f05e016e590c6b5b3ff66d7796ed121dce6b4bc7fc7f85
inference_scripts/sam3_interactive_worker.py	11315	2026-07-21T10:02:04.220000+00:00	0755	5b87b20f32386b4bd3be1458509ec54924007fd76f483cf9e67eea43c5c196fe
inference_scripts/sam3_refine.py	18215	2026-07-21T10:02:04.220000+00:00	0755	92b4d2b0503499c380ae30cd80fbd20a3f0987b7a473a52e535b34d72fd3e370
inference_scripts/scale_acceptance.py	12290	2026-07-26T05:10:46.323862+00:00	0755	769a47961a7af790cc3866092ff77860a91d849af1e62d2aef2c53fba2d04057
inference_scripts/seam_band_validate.py	15127	2026-07-21T10:02:04.220000+00:00	0755	db20237bbca771666f7b195d524e6c4db2ab27a638d6e42b0e2e295465905882
inference_scripts/semantic_batch.py	13633	2026-07-21T10:02:04.220000+00:00	0755	fea540efa377d95c249de45ae90f089bb9d0ee03c108097853bcac76e7c07579
inference_scripts/subpixel_vectorize_experiment.py	14550	2026-07-21T10:02:04.220000+00:00	0755	2834bd5eb1848b82f7eee1011cfaddde2c646d777cd9031ee356d9ee3290ca51
inference_scripts/subpixel_vectorizer.py	35849	2026-07-21T10:02:04.220000+00:00	0755	a61df18f9b6a16151f999bb77cdbb64ff71b0f011240082a4b9fb3e796261263
inference_scripts/tile_materializer.py	6049	2026-07-21T12:42:30.196679+00:00	0644	2fc74e1003af73526129b924789a2dde2416567c305938d20c455825d9246849
inference_scripts/torchscript_runtime.py	6225	2026-07-21T10:02:04.220000+00:00	0755	4c2ca7f6282694ac70cf8f7f571119f957b3d1fd15ef55571c55c8fb5cc55e29
inference_scripts/work_package_runtime.py	22209	2026-07-21T13:25:05.013542+00:00	0755	a15c1ef41aa37cb50449e41ea2f7f5e7c1dcbd7b0d836d72a20e06c2d44c1330
install.sh	6883	2026-07-21T11:46:17.222854+00:00	0755	f8df87a06efebca18794e790fa0a0d15f450138f97a65186a7f003c5b7794360
output/audits/20260721_225815_42a2cf_fragmentation_20260726/audit_fusion_fragmentation.py	23088	2026-07-26T13:40:52.845667+00:00	0644	7e1cad083eaf0c34e660c0c3f2049736334064c8cbdd60b3f84aa1d8791b4874
output/audits/20260721_225815_42a2cf_fragmentation_20260726/audit_resolution_collapse.py	37110	2026-07-26T14:32:48.762984+00:00	0644	2c9b2efe29347531f4cba32b7a43d1c664ac55991cd820424d473e361eeed9c8
output/audits/20260721_225815_42a2cf_fragmentation_20260726/fusion_fragmentation_audit.json	69398	2026-07-26T13:44:14.074625+00:00	0664	a9e1cbf8d301f15238a0517a625b43259714031a5d29d76bac459b69e11a2375
output/audits/20260721_225815_42a2cf_fragmentation_20260726/fusion_fragmentation_audit.progress.json	246	2026-07-26T13:44:14.074625+00:00	0664	9ff3ba5f75797bf3b1ca940607e1dc3ab8ab68381afb6502e195871b9a22fe2b
output/audits/20260721_225815_42a2cf_fragmentation_20260726/resolution_collapse_0p25m_to_3m.json	114575	2026-07-26T14:35:02.308284+00:00	0664	1e278f765ea4a2c26d326326d9d7a6c77099de2e847d8b408004f0cb68c27ff2
output/audits/20260721_225815_42a2cf_fragmentation_20260726/resolution_collapse_0p25m_to_3m.progress.json	250	2026-07-26T14:35:02.308284+00:00	0664	2e16e090bef017d02bfde4d3f4fd3e180c7e18ddec9ef09b2da30dacfbe9678b
output/audits/20260721_225815_42a2cf_fragmentation_20260726/resolution_collapse_0p25m_to_3m.time.txt	1424	2026-07-26T14:35:02.354284+00:00	0664	d8c24cb0c04f06dccf8e57895887224e3ecbd7ceadf6aa86ab2aef06a862a46d
output/audits/20260721_225815_42a2cf_fragmentation_20260726/resolution_smoke_v2.json	58550	2026-07-26T14:04:51.884669+00:00	0664	3aae938f34deafd319681ceb4f9997bc1873e1fa4872f4a886290d5aa65c97c1
output/audits/20260721_225815_42a2cf_fragmentation_20260726/resolution_smoke_v2.progress.json	239	2026-07-26T14:04:51.884669+00:00	0664	7121eed3899837b596c288b013cf5f898358496ce4e1dfac22dbaf424ec3cd11
output/audits/20260721_225815_42a2cf_fragmentation_20260726/resolution_smoke_v3.json	67850	2026-07-26T14:33:30.425389+00:00	0664	b87bffd0b57b53697db78f37c86869bcbd0b9930388d03c77de5aeeb2c67a4dc
output/audits/20260721_225815_42a2cf_fragmentation_20260726/resolution_smoke_v3.progress.json	240	2026-07-26T14:33:30.425389+00:00	0664	c477e3d5dbda1cf7a7e72db769932ba281a30d5758d3b262efae09d33ab16e33
output/audits/20260721_225815_42a2cf_fragmentation_20260726/smoke.json	35882	2026-07-26T13:39:15.155716+00:00	0664	6e0cb02ee4e897bd237332feed2b34ab8417da7c9d64fd9c58b5f196c23c0be9
output/audits/20260721_225815_42a2cf_fragmentation_20260726/smoke.progress.json	226	2026-07-26T13:39:15.155716+00:00	0664	5777289072f6cc6800077ad94c419cfc69316f097fc750afd14e4a20b0462ed8
output/recovery/20260721_225815_42a2cf_20260725_143949/assemble_stream.queue_fix.stage.py	37425	2026-07-25T14:41:53.369556+00:00	0755	dc86d1d96fb6603de417e7b5b20a3d1f4e69f20bcc55d53444d91aa8ffd3eaac
output/recovery/20260721_225815_42a2cf_20260725_143949/backups/assemble_stream.py.pre_queue_fix_20260725	20460	2026-07-21T10:02:04.200000+00:00	0755	78f27b219b64e65c00a5a99264a2aeb936dd8b1ef29ba119862c7890f64e9997
output/recovery/20260721_225815_42a2cf_20260725_143949/backups/reconcile_v5_run.log.finalizer_regression_20260726	2779	2026-07-26T05:50:11.584877+00:00	0664	8f6402d0d8ad07d8a60c35c168279699895ac0690f75b5c6cdb077fc2e8e949d
output/recovery/20260721_225815_42a2cf_20260725_143949/backups/reconcile_v5_run.py.pre_skip_finalizer_20260726	2563	2026-07-26T05:48:23.293823+00:00	0750	adf1ad4ddaa47edd48c6df025b77a24cb34f098428128a6b434db075a793fec7
output/recovery/20260721_225815_42a2cf_20260725_143949/backups/scale_acceptance.py.pre_streaming_20260726	12167	2026-07-26T05:02:40.804138+00:00	0755	385c097a1a8d93f6510ae9dcfa04617d36b2722e1db349df16f895262e8ee324
output/recovery/20260721_225815_42a2cf_20260725_143949/fusion_full_assembly.log	17990	2026-07-26T01:00:25.257710+00:00	0664	95f67fd12b07c848662841ff00159fe0707cd040240c4553bc7eba2bf198d801
output/recovery/20260721_225815_42a2cf_20260725_143949/logs/finalize_rasters.log	1487	2026-07-25T07:00:08.920971+00:00	0664	4e0dc9b708deb3f816e633bbb129b0ad3362cceb883b928b7066e4ac0fee1cb9
output/recovery/20260721_225815_42a2cf_20260725_143949/logs/formal_resume_runner.jsonl	46090	2026-07-25T10:03:17.728910+00:00	0664	8ceb6cf623699c418ce486bee8b7cff3f0dc5c7316a1483e81fc1d14b21b1663
output/recovery/20260721_225815_42a2cf_20260725_143949/logs/package_00195.log	124651	2026-07-25T06:45:38.036496+00:00	0664	8a6cc56e9842b4f88b7bcdb2a74c906bd35732c9926d6282a2fb3c162803dfa7
output/recovery/20260721_225815_42a2cf_20260725_143949/logs/package_00461.log	126091	2026-07-25T06:49:47.195920+00:00	0664	6195fc87e0f8215bfe5e40d8c37b257847e8cfa6f7260fa3e637b60d641b800c
output/recovery/20260721_225815_42a2cf_20260725_143949/logs/package_01396.log	1235	2026-07-25T06:50:02.278067+00:00	0664	e95125a4224e7776ce5771c23ef3cba5ebc459a583d9ef1426d05304c7e729ab
output/recovery/20260721_225815_42a2cf_20260725_143949/logs/recovery.jsonl	41087	2026-07-25T07:04:33.612547+00:00	0664	69bd8c42ece79ac4f35dda77d43a640a6327df2cf475fdaf41b5dd193ab04d1c
output/recovery/20260721_225815_42a2cf_20260725_143949/logs/units/15183.log	944	2026-07-25T06:53:24.440034+00:00	0664	84efce3cd58766b155416a6b6b0ea22e9dbc129539bfe139db359277f959513d
output/recovery/20260721_225815_42a2cf_20260725_143949/logs/units/15184.log	944	2026-07-25T06:53:50.736290+00:00	0664	93445f96895d1990d340752714c86ec7cfef3b22fa39ed11d406ae16bd563fad
output/recovery/20260721_225815_42a2cf_20260725_143949/logs/units/18379.log	952	2026-07-25T06:52:07.213283+00:00	0664	eac0dc32266f3bdb1d45203fa2f91d9c701bc819bfc974fe045a426e3b88c474
output/recovery/20260721_225815_42a2cf_20260725_143949/logs/units/18380.log	954	2026-07-25T06:52:07.911290+00:00	0664	68ebdbb5e4952cf206ede2c2093c4ca297a751a5754bb293e6d43a0f57b4b40b
output/recovery/20260721_225815_42a2cf_20260725_143949/logs/units/18381.log	954	2026-07-25T06:52:07.394285+00:00	0664	bea4dbd4dae7c2ebb0477ea757b31a4d0a3d420cbecabfa4395e6ec352603c33
output/recovery/20260721_225815_42a2cf_20260725_143949/logs/units/21500.log	952	2026-07-25T06:52:06.631277+00:00	0664	880419ba815e3924dd3780584a9ce35fb4604e5838a6a1819f33a62fa4d14b06
output/recovery/20260721_225815_42a2cf_20260725_143949/logs/units/21501.log	953	2026-07-25T06:52:10.763317+00:00	0664	80080dc27793747875e2fdbb68dc4c13502829ddc2c40217a1fd71651cf93e50
output/recovery/20260721_225815_42a2cf_20260725_143949/logs/units/21548.log	954	2026-07-25T06:52:11.448324+00:00	0664	c2cc20ea69cfd11e07ae0bdf63c31223e1329528ca1e95b321b360928a315de3
output/recovery/20260721_225815_42a2cf_20260725_143949/logs/units/21549.log	954	2026-07-25T06:52:11.751327+00:00	0664	bd8d83a9fdbb8ef7eda0b0999b8c1eb42130eb87ec4685a34b756ea2c4e0de72
output/recovery/20260721_225815_42a2cf_20260725_143949/logs/units/24649.log	962	2026-07-25T06:52:10.990320+00:00	0664	eb2dde0960a86ca9a92023ed14821050479766d8a8018a955dd4b0f2e34f6415
output/recovery/20260721_225815_42a2cf_20260725_143949/logs/units/24650.log	963	2026-07-25T06:52:13.691346+00:00	0664	2d55477e284ab838e825910ab6f5b680dad905eee6dd8200b91f26a2e100bf7e
output/recovery/20260721_225815_42a2cf_20260725_143949/logs/units/24651.log	964	2026-07-25T06:52:13.998349+00:00	0664	7bca42c7a5d8ae6e9489d9c874c663d3225faa1d4bb494e5d50196ab4ef7071d
output/recovery/20260721_225815_42a2cf_20260725_143949/logs/units/24696.log	960	2026-07-25T06:52:14.433353+00:00	0664	010d79e8e18535eb30b8c914198c12eac0f3803275a87801c05433328d4eb15f
output/recovery/20260721_225815_42a2cf_20260725_143949/logs/units/24697.log	960	2026-07-25T06:52:14.715356+00:00	0664	034e54ec4bd3fdfa17d087d827b95657e57de0c0214e3fd4e7abdcf4ca130a8b
output/recovery/20260721_225815_42a2cf_20260725_143949/logs/units/24698.log	963	2026-07-25T06:52:16.665375+00:00	0664	0e607523314a8002465a59a1be3d2e250d4a1364e76cb2400a95d8b74db690fa
output/recovery/20260721_225815_42a2cf_20260725_143949/logs/units/27262.log	1014	2026-07-25T06:53:34.500132+00:00	0664	5577c0510f7d5f804c73dae0d0b07fd0d9e48e78564c3753949db9f825ef3687
output/recovery/20260721_225815_42a2cf_20260725_143949/logs/units/27263.log	1014	2026-07-25T06:54:06.064440+00:00	0664	a61e73bc699dfc53347a8edd0f7c49ee0e54bfabbae010207988c0b00503701c
output/recovery/20260721_225815_42a2cf_20260725_143949/logs/units/27818.log	1014	2026-07-25T06:53:44.010225+00:00	0664	9791ef5148c1b6dd2cf3a694542e96193699251e8b93d402d75815ae0fde15c8
output/recovery/20260721_225815_42a2cf_20260725_143949/logs/units/27819.log	1014	2026-07-25T06:54:48.660854+00:00	0664	6f35b02ec1e33978e2174f4e048a59f1f46dd009f2ad3de2e374b5e9339bc7a5
output/recovery/20260721_225815_42a2cf_20260725_143949/logs/units/29665.log	1000	2026-07-25T06:53:28.895078+00:00	0664	7da976e181e6808aa5f6b0263f8573e91afb949bf2a135e27ab2f3582ad57b65
output/recovery/20260721_225815_42a2cf_20260725_143949/logs/units/30469.log	1024	2026-07-25T06:53:34.301131+00:00	0664	5e6cf1f3ac54a552ea24e6ca46a2d797cd11a4df151437c0a7acc1bb48ad0077
output/recovery/20260721_225815_42a2cf_20260725_143949/logs/units/30470.log	1024	2026-07-25T06:53:39.643183+00:00	0664	124b5c61bd3bfe35e4448ee1c3bbf167006cb007cfdd79dc895b86887936c27f
output/recovery/20260721_225815_42a2cf_20260725_143949/logs/units/30471.log	1024	2026-07-25T06:53:39.941185+00:00	0664	bf17ad78e7f7359a4760694dd64e44a2e233eac591ac0498ccc03de93515e3a1
output/recovery/20260721_225815_42a2cf_20260725_143949/logs/units/31014.log	1024	2026-07-25T06:53:44.896234+00:00	0664	f1d42b4b1eb27e6b4665a6127ef1c4707cd1b61fb7ba4d59c1f12c341ccefb7e
output/recovery/20260721_225815_42a2cf_20260725_143949/logs/units/31015.log	1024	2026-07-25T06:53:45.229237+00:00	0664	8acff84ccaef6d73a53a71604e91069d40b558ec8c75187caf040e04c3cfd158
output/recovery/20260721_225815_42a2cf_20260725_143949/logs/units/31016.log	1024	2026-07-25T06:53:49.010273+00:00	0664	37d7ba9573cc0c0a75a6066f708d019711ca3a35ea0b137f133cc691f1d75de6
output/recovery/20260721_225815_42a2cf_20260725_143949/logs/units/32822.log	1014	2026-07-25T06:53:48.598269+00:00	0664	9eb9ebf872cd3c4e30a39c2eef7a02212cf66b099980366230d84ab073ebc816
output/recovery/20260721_225815_42a2cf_20260725_143949/logs/units/32823.log	1014	2026-07-25T06:53:48.969273+00:00	0664	6367f39f83b6374d770c3f5be5a626a9cd205f589eadea79ba980e25091222fc
output/recovery/20260721_225815_42a2cf_20260725_143949/logs/units/33579.log	1024	2026-07-25T06:53:53.719319+00:00	0664	71b8cd220b72250494d95cac3f38fd8decea3dc0be8207b95f18cb64b5ec380b
output/recovery/20260721_225815_42a2cf_20260725_143949/logs/units/33580.log	1024	2026-07-25T06:53:53.308315+00:00	0664	0589bd5df0b2c190198661ea4a231ef30106727fd4c4ded460e3679bada2ea90
output/recovery/20260721_225815_42a2cf_20260725_143949/logs/units/33627.log	1024	2026-07-25T06:53:53.876321+00:00	0664	95928b6c207029c46002a42bde40fbe66197bfc732ce5cadb7b98331224d064c
output/recovery/20260721_225815_42a2cf_20260725_143949/logs/units/33628.log	1024	2026-07-25T06:53:56.048342+00:00	0664	2f54596573b7c767a4dfc1e8c859fd13e80eaf522d9adcb5d67bef650421733e
output/recovery/20260721_225815_42a2cf_20260725_143949/logs/units/34135.log	1024	2026-07-25T06:53:57.674358+00:00	0664	2f8c96ec190cb3a409d2a590f1bc455b0971ef42ab67b7bdbcf9a24fca5717ba
output/recovery/20260721_225815_42a2cf_20260725_143949/logs/units/34136.log	1024	2026-07-25T06:53:58.200363+00:00	0664	cb428d9a94f34118fc5fb49c5277e6453cc2073d944fa23fa39a59f5af7ca32f
output/recovery/20260721_225815_42a2cf_20260725_143949/logs/units/34183.log	1024	2026-07-25T06:53:58.684368+00:00	0664	de34e96f73fb67b067f9291790fedb1b98f8babc73cd96d2973e0ad8a5af5974
output/recovery/20260721_225815_42a2cf_20260725_143949/logs/units/34184.log	1024	2026-07-25T06:54:01.157392+00:00	0664	57a7f29495bdabfdf218c9dddfaaa49e1b3a66dd9da950a415d972658d7273ab
output/recovery/20260721_225815_42a2cf_20260725_143949/logs/units/35982.log	1014	2026-07-25T06:54:00.969390+00:00	0664	23b834114010d4ee68d97a15257ce6aba6b53f2a5e194def0440e2dda0bf30f2
output/recovery/20260721_225815_42a2cf_20260725_143949/logs/units/36030.log	1014	2026-07-25T06:54:01.433394+00:00	0664	ace7c610e97fc283a558cc465b4534703d718fc3a0575a7b98d2f1d175f4c40f
output/recovery/20260721_225815_42a2cf_20260725_143949/logs/units/36739.log	1034	2026-07-25T06:54:01.953399+00:00	0664	6b8e258ddbfa6098fda49001a3308879a493d1d00252eddef8ecd11d2cd200bf
output/recovery/20260721_225815_42a2cf_20260725_143949/logs/units/36740.log	1033	2026-07-25T06:54:04.398423+00:00	0664	c2ee028eddf764836e2668351410f8122e6b590c77b477027b29a6f3ee9a09c2
output/recovery/20260721_225815_42a2cf_20260725_143949/logs/units/36741.log	1030	2026-07-25T06:54:04.485424+00:00	0664	2eefd8cb305363c969cf1fa68add86a25b75b4ce60fd00285dc49b9521e6c945
output/recovery/20260721_225815_42a2cf_20260725_143949/logs/units/36786.log	1033	2026-07-25T06:54:04.731426+00:00	0664	12e6e203accb5bfc927d4e634419de7509e610a001c1180277cda1d19533fab0
output/recovery/20260721_225815_42a2cf_20260725_143949/logs/units/36787.log	1033	2026-07-25T06:54:05.245432+00:00	0664	5e755569e044bd29bec63b39f8c51ad4443681be18d1b9acf120cce6346a97b1
output/recovery/20260721_225815_42a2cf_20260725_143949/logs/units/36788.log	1033	2026-07-25T06:54:07.396452+00:00	0664	4b0de7fa004ee0227d73422e0e7c651591af394380221b615bb7a181ca080422
output/recovery/20260721_225815_42a2cf_20260725_143949/logs/units/37284.log	1034	2026-07-25T06:54:07.607455+00:00	0664	56a7133415dda8b0b51e0803bef153cf303e6ccd56605f255b5f7a01b6d8b3f2
output/recovery/20260721_225815_42a2cf_20260725_143949/logs/units/37285.log	1032	2026-07-25T06:54:07.738456+00:00	0664	b54c8a23abf51c7e4ccae108a66c9bca64f9c75560e8197358c068b0b8326d3b
output/recovery/20260721_225815_42a2cf_20260725_143949/logs/units/37286.log	1034	2026-07-25T06:54:08.322462+00:00	0664	a030a1cc4ab52738fd3583bb1341ae97df7e6cc4a1a56c73933dee3b442ed36d
output/recovery/20260721_225815_42a2cf_20260725_143949/logs/units/37331.log	1033	2026-07-25T06:54:09.146470+00:00	0664	ac1adad86d6e19e9e7cd82c876c85c392678e5efb7492fa68af465061095feff
output/recovery/20260721_225815_42a2cf_20260725_143949/logs/units/37332.log	1030	2026-07-25T06:54:10.398482+00:00	0664	1f01b5e95389a43a1c66b4e154083bffe51150fa2678f7d529940abbeddb7ab9
output/recovery/20260721_225815_42a2cf_20260725_143949/logs/units/37333.log	1034	2026-07-25T06:54:10.740485+00:00	0664	4d93527b742f7b7cc81e8d04824010776fc023281e70304f31f9c481c69555c5
output/recovery/20260721_225815_42a2cf_20260725_143949/logs/units/39092.log	1028	2026-07-25T06:54:10.805486+00:00	0664	79e4c3b57a6e8be9190ec297005afaf822f1d0fbe1fb5cc8a0421dee0746f6d2
output/recovery/20260721_225815_42a2cf_20260725_143949/logs/units/39093.log	1028	2026-07-25T06:54:11.302490+00:00	0664	1d2eff250c30219dfae90cbff11e270e978b1c47f00c8376534441f748d23d25
output/recovery/20260721_225815_42a2cf_20260725_143949/logs/units/39139.log	1028	2026-07-25T06:54:12.104498+00:00	0664	5d958f956f821b1b903a99c8bc12dc6cf6455774627d1b9efdb25ee6c169798d
output/recovery/20260721_225815_42a2cf_20260725_143949/logs/units/39140.log	1028	2026-07-25T06:54:13.378511+00:00	0664	c4477d8c5f2c4429d5e1c0c371f932926269ef8b7837d0dce7f9bd4d479e6f44
output/recovery/20260721_225815_42a2cf_20260725_143949/logs/units/39897.log	979	2026-07-25T06:55:26.624223+00:00	0664	e8499283f68279a2019be51c61915c22fcd0ac521c57ac094b9f31638376e759
output/recovery/20260721_225815_42a2cf_20260725_143949/logs/units/39898.log	979	2026-07-25T06:56:03.317581+00:00	0664	711477de9e55b389fdd1099f74ecadd6dff034cc5642488222256bd316e65c9d
output/recovery/20260721_225815_42a2cf_20260725_143949/logs/units/40453.log	979	2026-07-25T06:55:48.728439+00:00	0664	81111555f530b53403c18da50be67313a4b9b0bd2e843e88cacde0ae09d16c42
output/recovery/20260721_225815_42a2cf_20260725_143949/logs/units/40454.log	979	2026-07-25T06:56:13.376678+00:00	0664	b763a47f67be046a9d90d1df9d4be8d46550b529c168089680f1c0b19d901ed0
output/recovery/20260721_225815_42a2cf_20260725_143949/logs/units/42299.log	965	2026-07-25T06:54:17.205548+00:00	0664	64933653c6d60da1b3c1ae0bff5c721cbbd3612850e7d16dd51a08c02ae650b7
output/recovery/20260721_225815_42a2cf_20260725_143949/logs/units/42300.log	965	2026-07-25T06:54:20.863584+00:00	0664	3cca89a205cd16c322d9bcfe567b588436e5d6b7588225a1453994f1d3118e59
output/recovery/20260721_225815_42a2cf_20260725_143949/logs/units/43104.log	989	2026-07-25T06:54:25.067625+00:00	0664	b5268c136698f7d3dc08927a673ae3b132605023b95cd6b5bdb229578a893839
output/recovery/20260721_225815_42a2cf_20260725_143949/logs/units/43105.log	988	2026-07-25T06:54:29.449667+00:00	0664	76bf1cc4950342957cce44ae7347073b4b276a70d12162cd62aad2d6ca76376b
output/recovery/20260721_225815_42a2cf_20260725_143949/logs/units/43106.log	989	2026-07-25T06:54:34.804719+00:00	0664	ef9c4d7f2b0409033585133a9882821b43ea9f63d8044615b50773b77aa809d6
output/recovery/20260721_225815_42a2cf_20260725_143949/logs/units/43649.log	987	2026-07-25T06:54:39.566766+00:00	0664	687baeb488df695a1025c74f8bb5ff3a541b66fafd3a1d23af540c86b76567b4
output/recovery/20260721_225815_42a2cf_20260725_143949/logs/units/43650.log	989	2026-07-25T06:54:44.542814+00:00	0664	0b5e3c7dfd97c947fb9b8f1075fd3e63dbb48f836f7565426a2da517305a7efd
output/recovery/20260721_225815_42a2cf_20260725_143949/logs/units/43651.log	989	2026-07-25T06:54:49.638864+00:00	0664	2d29274b1d1a9d4e913f115c5071d3a648c3f008ca3d2b9b79b20d13ba47c636
output/recovery/20260721_225815_42a2cf_20260725_143949/logs/units/45456.log	979	2026-07-25T06:54:52.018887+00:00	0664	2957224b28c24ad7f6fdd57dbae59e7f4cca0ac46ccb15b30a9781ee31c3fa1a
output/recovery/20260721_225815_42a2cf_20260725_143949/logs/units/45457.log	979	2026-07-25T06:54:52.968896+00:00	0664	b51cc930071823fca87b491a9d2d708566b038cde1e259d4bf697fa1b267b3f1
output/recovery/20260721_225815_42a2cf_20260725_143949/logs/units/45458.log	979	2026-07-25T06:54:55.437920+00:00	0664	06ede29265bf79801391f4d8bad55153305cfe3bdbda0f6116a280a37d1f98a1
output/recovery/20260721_225815_42a2cf_20260725_143949/logs/units/46214.log	989	2026-07-25T06:54:57.431939+00:00	0664	f47abfcaa03fbf4a8aa8bae48a6538bdc147142439227850439738bf2690da9d
output/recovery/20260721_225815_42a2cf_20260725_143949/logs/units/46215.log	988	2026-07-25T06:54:59.144956+00:00	0664	fc1434c9639f1a7501dda84eeb709d22e49df3384a29c860e91c9335b0e19a0b
output/recovery/20260721_225815_42a2cf_20260725_143949/logs/units/46262.log	989	2026-07-25T06:55:01.563980+00:00	0664	0f9d6fb854c3ee95a3902cedbd77931a60e146c30cc442dab533f08245fbbe1c
output/recovery/20260721_225815_42a2cf_20260725_143949/logs/units/46263.log	989	2026-07-25T06:55:03.563999+00:00	0664	6de1179af737aa6e61dcbd224cc3bb46c2a1ec42ef5420623929fa34411ef9ee
output/recovery/20260721_225815_42a2cf_20260725_143949/logs/units/46770.log	988	2026-07-25T06:55:05.316016+00:00	0664	3421cb203b93511698ab7a8637cae4915c88dfb6810fe1955f23fa8912439326
output/recovery/20260721_225815_42a2cf_20260725_143949/logs/units/46771.log	989	2026-07-25T06:55:07.348036+00:00	0664	16f51eba4013b13c02862fe5bcb8abc8d12901abd62ae209f6959cb36db88d65
output/recovery/20260721_225815_42a2cf_20260725_143949/logs/units/46818.log	989	2026-07-25T06:55:09.308055+00:00	0664	376ee81bb2bce0df84c445090903db5c6310aa5dc7372462932f5a9e01901421
output/recovery/20260721_225815_42a2cf_20260725_143949/logs/units/46819.log	989	2026-07-25T06:55:12.145083+00:00	0664	d67d8175af1186904f6ab0597d24becc561607711e045ecf6fefbe195cfdff54
output/recovery/20260721_225815_42a2cf_20260725_143949/logs/units/48616.log	979	2026-07-25T06:55:12.305084+00:00	0664	8ae2b7b531ab9049f886e9d25f820618db65267b08a0b8ad3af855aba7c4901f
output/recovery/20260721_225815_42a2cf_20260725_143949/logs/units/48617.log	979	2026-07-25T06:55:15.343114+00:00	0664	f94f672dafed68f2f53bad643647119ce194c595b0200dbf95d1be63153b087e
output/recovery/20260721_225815_42a2cf_20260725_143949/logs/units/48664.log	979	2026-07-25T06:55:15.557116+00:00	0664	9cba832633d23c1ca359de1152c04a5055eb3136096b2e39543798ef1ff2423e
output/recovery/20260721_225815_42a2cf_20260725_143949/logs/units/48665.log	979	2026-07-25T06:55:18.534145+00:00	0664	b8e5f8a2b91c6a6b3dc951a8636570ec0ad24aba176dc1c8596bfdd4b8667d19
output/recovery/20260721_225815_42a2cf_20260725_143949/logs/units/49374.log	999	2026-07-25T06:55:18.901148+00:00	0664	1f862ad221e4b34c102ac20ab0be4ea5cc8b444ae85b8bed73c00d8999fd394f
output/recovery/20260721_225815_42a2cf_20260725_143949/logs/units/49375.log	995	2026-07-25T06:55:21.762176+00:00	0664	6d0c17e0844b3d2d1a984f6ea0f9621baac277368e19540d363faf9a12e75697
output/recovery/20260721_225815_42a2cf_20260725_143949/logs/units/49376.log	997	2026-07-25T06:55:22.039179+00:00	0664	654aaf17dde286dac71b58a8730b6d6ac055463cb2c69539894a179af2c217ec
output/recovery/20260721_225815_42a2cf_20260725_143949/logs/units/49421.log	999	2026-07-25T06:55:25.006208+00:00	0664	abe4740065cd1747ad2c40cbd7381e3d2f0dd63743384b7c354a1f0d495e409b
output/recovery/20260721_225815_42a2cf_20260725_143949/logs/units/49422.log	998	2026-07-25T06:55:25.355211+00:00	0664	513819f356c72f90eec74c948cac13e8f46ec2076365d52ad3d81be820e81beb
output/recovery/20260721_225815_42a2cf_20260725_143949/logs/units/49423.log	998	2026-07-25T06:55:28.088238+00:00	0664	7cecf6928a052b93a0e77e8dbfc98a4ef6fbe18a071936a223350c28adb733fe
output/recovery/20260721_225815_42a2cf_20260725_143949/logs/units/49919.log	998	2026-07-25T06:55:28.406241+00:00	0664	93df182676b147c6c717ae81060d66f014f5649dddfe3fd924d1ebf740d8b58e
output/recovery/20260721_225815_42a2cf_20260725_143949/logs/units/49920.log	995	2026-07-25T06:55:29.878255+00:00	0664	5f2c5f67e0a986889c0f7e9531750ae07aa1ae0e27855bb0ef3f25ff03af0043
output/recovery/20260721_225815_42a2cf_20260725_143949/logs/units/49921.log	999	2026-07-25T06:55:31.458271+00:00	0664	886029f6a2f1373044546451d729b68746c281900e71670ef3db8101c827697a
output/recovery/20260721_225815_42a2cf_20260725_143949/logs/units/49966.log	995	2026-07-25T06:55:31.686273+00:00	0664	0731bb00509580408ff88fdde0fb1b1fcb666d9e6a8f094922c32251a341bb3e
output/recovery/20260721_225815_42a2cf_20260725_143949/logs/units/49967.log	995	2026-07-25T06:55:33.167287+00:00	0664	b1630514eb255e6709f034c41c903bbcb55f12c26af267c5aa6946cfa80519f3
output/recovery/20260721_225815_42a2cf_20260725_143949/logs/units/49968.log	999	2026-07-25T06:55:34.829303+00:00	0664	823932baded846ed0274b6109402f527581886480c7a29db3dfb50fab61008a2
output/recovery/20260721_225815_42a2cf_20260725_143949/logs/units/51726.log	993	2026-07-25T06:55:34.970305+00:00	0664	7b1ec4d4ec9d9cbe4cb1d5739dad27e169fb2114d8bf96e74421281112f08f72
output/recovery/20260721_225815_42a2cf_20260725_143949/logs/units/51727.log	993	2026-07-25T06:55:36.387319+00:00	0664	d9df8fec269e0301c2178d2483d48d8d0a287acddedc99dffdcd8c3d81aea879
output/recovery/20260721_225815_42a2cf_20260725_143949/logs/units/51728.log	993	2026-07-25T06:55:38.029335+00:00	0664	06c00a8c2af8744195a8f1cba4da7e260a938f30a4e5f0ea467268002d493a99
output/recovery/20260721_225815_42a2cf_20260725_143949/logs/units/51773.log	993	2026-07-25T06:55:38.195336+00:00	0664	b53eaabbfb4ecd9dd2f5763809ee8e6a7a869cc81bf24c78a6d69b3f5f945e49
output/recovery/20260721_225815_42a2cf_20260725_143949/logs/units/51774.log	993	2026-07-25T06:55:39.578350+00:00	0664	765fd2d1211bee9539a9f273fb8a935ed304847e61126926b7c359a2ecb94b88
output/recovery/20260721_225815_42a2cf_20260725_143949/logs/units/51775.log	993	2026-07-25T06:55:41.196365+00:00	0664	93c888eb60cbe2f0357f0908a315248036f8d51fbe60361c162d8f6314697f3f
output/recovery/20260721_225815_42a2cf_20260725_143949/mamba_full_assembly.log	18635	2026-07-25T22:09:05.867675+00:00	0664	5b9bf277115a9743fe089c94e1a18cdc470af324cd1fb608b2bdfadfc0e44523
output/recovery/20260721_225815_42a2cf_20260725_143949/mamba_queue_resume.log	423	2026-07-25T15:24:18.229321+00:00	0664	1056495a4c69322df99dc2c32f4f75c00a7dd4fc5535c29932f0c00862a3455c
output/recovery/20260721_225815_42a2cf_20260725_143949/manifests/final_resume_result.json	1953	2026-07-25T10:03:17.724910+00:00	0664	cc6a9c59a67ceafb65234d060d0d5da4240f75974d01127c1ee4e1cd7ab9f8dd
output/recovery/20260721_225815_42a2cf_20260725_143949/manifests/merge_completed.json	339370	2026-07-25T07:03:55.957180+00:00	0664	ed2006a9b524ea5e8c0ac14fe6c58d5786ae4bb0f74552243228ac9c34b3efc0
output/recovery/20260721_225815_42a2cf_20260725_143949/manifests/merge_file_journal.json	337694	2026-07-25T07:03:55.969180+00:00	0664	1481630b801990dce208dac51f36402d4da16ca2af95636854f47b8cc67e0981
output/recovery/20260721_225815_42a2cf_20260725_143949/manifests/packages.json	763	2026-07-25T06:50:02.751072+00:00	0664	64071f877cf58f1b2ca12c4eca4b8a2552b62e3f90d6ff32a1fe40b820318df1
output/recovery/20260721_225815_42a2cf_20260725_143949/manifests/postcheck.json	1621	2026-07-25T07:04:33.600547+00:00	0664	d0e382b15aa0337f894c23b15885f8c6c6722295196406634d64343b0ac335b1
output/recovery/20260721_225815_42a2cf_20260725_143949/manifests/prepare.json	8750	2026-07-25T06:41:13.013916+00:00	0664	10a9aaf36ba4addc8d00575f7430fac71418b4c2eeca5fd4127fb35ec4c92fb6
output/recovery/20260721_225815_42a2cf_20260725_143949/manifests/simulation.json	1851	2026-07-25T07:03:02.747662+00:00	0664	a1eb2fe5a827bbeefff20a3e0da6f0286253974f91d8a68bdd9af268778a84bb
output/recovery/20260721_225815_42a2cf_20260725_143949/manifests/units.json	20649	2026-07-25T06:56:13.826683+00:00	0664	4fb3dfc510ea7563afd3c98648a5a2fb217051d561d22b91ac0315687286140d
output/recovery/20260721_225815_42a2cf_20260725_143949/manifests/validation.json	346322	2026-07-25T07:00:09.903980+00:00	0664	385ee56f2c88baf7bd35e37c5ee243a8bf3a0dd38a765593c8dfae6ecd92e52a
output/recovery/20260721_225815_42a2cf_20260725_143949/overnight_launcher.nohup.log	1370	2026-07-25T15:24:18.302321+00:00	0664	8f012773ce31245d461282813a2b0bde6f21d94e012c7452ad149ab2c130fab4
output/recovery/20260721_225815_42a2cf_20260725_143949/overnight_remaining_assemblies.log	1348	2026-07-25T15:24:18.302321+00:00	0664	f46e8c31b60f3e59fe1600bb6a2c10ce249d053f3fa4825f04af4ddb0f5c3470
output/recovery/20260721_225815_42a2cf_20260725_143949/overnight_root_assemblies.log	1328	2026-07-26T01:00:25.494713+00:00	0664	2d9630fef47fc18bd2b027403036a044677fe90927d24b49efd11e2de43dbe50
output/recovery/20260721_225815_42a2cf_20260725_143949/overnight_root_launcher.nohup.log	1350	2026-07-26T01:00:25.494713+00:00	0664	bbace202dedfa7c0f4cfaf670e2234a7dee446c6eed64ce62705a8ea9581ddcc
output/recovery/20260721_225815_42a2cf_20260725_143949/queue_fix_test_runner.py	4865	2026-07-25T14:34:25.874202+00:00	0644	050d343995f63facc04ecf62c13e7a72f875873a1cff7a07c35759075ae58bce
output/recovery/20260721_225815_42a2cf_20260725_143949/reconcile_v5_run.log	6748	2026-07-26T06:49:01.239226+00:00	0664	6b59e0c474802c98d77ff92ab161f6c64fd31425588e1841287d97897bf32671
output/recovery/20260721_225815_42a2cf_20260725_143949/reconcile_v5_run.py	5335	2026-07-26T05:49:33.095502+00:00	0644	db5a90776258360686e22b0da9ede8269666dced861fd506109f7b0f1fdadcca
output/recovery/20260721_225815_42a2cf_20260725_143949/run_remaining_assemblies.sh	4665	2026-07-25T15:23:20.853762+00:00	0750	f5a49423d8cabf77de8222e246d5c7e29e635cd11bb04df1c488066cf71521c0
output/recovery/20260721_225815_42a2cf_20260725_143949/run_remaining_assemblies_root.sh	4922	2026-07-25T16:29:03.636128+00:00	0750	dbadb061dfb34ca086fb0d51f28fa7c30a5a0393fdbcd1035d77a547578a5b06
output/recovery/20260721_225815_42a2cf_20260725_143949/run_spec.json	28093	2026-07-25T06:41:12.820915+00:00	0664	f97ac8978aa0f85728c21cca081d1e3cfb79225fee656402985b42b6dca57dd5
output/recovery/20260721_225815_42a2cf_20260725_143949/scale_acceptance.streaming.stage.py	12290	2026-07-26T05:10:10.465513+00:00	0755	769a47961a7af790cc3866092ff77860a91d849af1e62d2aef2c53fba2d04057
output/recovery/20260721_225815_42a2cf_20260725_143949/setr_full_assembly.log	17342	2026-07-25T18:47:13.310800+00:00	0664	e1e46143c7568c0860c713892a2a7c647fb6f59b1cfa8c8ee9baac7753035315
output/recovery/20260721_225815_42a2cf_20260725_143949/setr_queue_resume.log	413	2026-07-25T15:24:18.253321+00:00	0664	0119ea3f4d0ed7ef5d7bc1a460e6eaab74cae88077725c004b50bfad368f9743
output/recovery/20260721_225815_42a2cf_20260725_143949/swin_queue_resume.log	18469	2026-07-25T15:14:50.047792+00:00	0664	f9ce6b2b627d5110f4063a4c4f402d51e988e0bbee7e6041a79fd5421d94fd81
output/recovery_tools/tencent_resume_runner.py	5759	2026-07-25T07:16:12.243345+00:00	0644	575e33af8631b02fa0d272deccf4026629c9b2cb4492ddff6ae5f24d1698e1a0
output/recovery_tools/tencent_targeted_recovery.py	70971	2026-07-25T07:02:46.540505+00:00	0644	a67594b9755755d1d9dbc4232ea3f1d3dd66894cfc6d9e60c35ea3fbd60eae38
qgis_plugins/labeling_tool/__init__.py	92	2026-07-21T10:03:03.620000+00:00	0755	b5bfa9d8311499cb1407f76964436a936ebcefd8de521f5308391d65ab1bd859
qgis_plugins/labeling_tool/core/__init__.py	428	2026-07-21T10:03:03.610000+00:00	0755	370429c503229ad3302dc9d8b35d16234d585b63c54a9b61c60842b332bf05bf
qgis_plugins/labeling_tool/core/accepted_writer.py	8408	2026-07-21T10:03:03.620000+00:00	0755	2f96fd397caef6f24790ffc7d68118302d9596888de0609db35f7eabe3fa6a10
qgis_plugins/labeling_tool/core/async_runner.py	25108	2026-07-21T10:03:54.880000+00:00	0755	4a17c6fa1357997c7eb59a659b30fb9f656cb97690a36c7e7a5cdd7dcba74b1f
qgis_plugins/labeling_tool/core/class_workspace.py	22421	2026-07-21T11:18:01.910000+00:00	0755	2b292364cd9ca1375432419677ad18b462c9b87ad9c2cb72c33e4aefe1182864
qgis_plugins/labeling_tool/core/difference_filter.py	7336	2026-07-21T10:03:03.620000+00:00	0755	91f7558e916a3245ac27d7dc92fd9bf3347ee9cee75170ade9adbf394a35b588
qgis_plugins/labeling_tool/core/environment_report.py	1905	2026-07-21T10:03:03.610000+00:00	0755	e8d3d42a266b1c8d0085bbe1c7225e170ef517d62136919b24a0b3a7eb724e6f
qgis_plugins/labeling_tool/core/final_assembler.py	7075	2026-07-21T10:03:03.620000+00:00	0755	9590d642f71d71fdeb09251396371820b7dc4e5a0adfcd16b21f602b2a8f410a
qgis_plugins/labeling_tool/core/fusion_profile.py	1259	2026-07-21T10:03:03.610000+00:00	0755	d5dd02459b46af120362eb39c301674310e03efe52629d6e182bd5aa0436c184
qgis_plugins/labeling_tool/core/inference_config.py	10721	2026-07-21T10:08:59.620000+00:00	0755	43cbd3592106b9c6c38e68a6eb7fda80a6ac25f8782720b504cc3912cf921b18
qgis_plugins/labeling_tool/core/layer_manager.py	15737	2026-07-21T12:09:38.478491+00:00	0755	067e6ae95c394a6f15abcf6fdb3b682b16fb7da604f95337d3a74b0ddff3ecf9
qgis_plugins/labeling_tool/core/layer_names.py	452	2026-07-21T12:09:38.798494+00:00	0755	8b5d55707153c5f528a4f30f5f3a9ca13b8b3f281bff487988ed73219c6c9d47
qgis_plugins/labeling_tool/core/manual_run_loader.py	9598	2026-07-21T11:10:55.070000+00:00	0755	10613e37cfe4e3d1e24fe9635790f44c42d40deb194da566de39f2d39775f948
qgis_plugins/labeling_tool/core/model_registry.py	4550	2026-07-21T10:03:03.620000+00:00	0755	c528dba77ffde88210e3b2ad9446a45869029a8eb54ae6e99adda472d8b1b1cf
qgis_plugins/labeling_tool/core/ownership_neighbors.py	1089	2026-07-21T10:03:03.610000+00:00	0755	30454de7930b11bffe08fd877651e16db26b26f332ed292a4271c5ed7f846443
qgis_plugins/labeling_tool/core/pipeline_plan.py	11144	2026-07-21T10:03:03.610000+00:00	0755	cef8da59c3c21bd9c6a9fb914bd87718fba4db36713b77223c4ac80e146e4278
qgis_plugins/labeling_tool/core/process_compat.py	518	2026-07-21T10:03:03.610000+00:00	0755	2578347d38137c5a22c94042132551e2c9c1a935970c9456d22d7b6ec1bb31be
qgis_plugins/labeling_tool/core/qgis_writer.py	526	2026-07-21T10:03:03.620000+00:00	0755	6cf216e8eb1904aa5c7cd1c8a244bca3752ca0ec46f3917e4ef1d85d62eecbc3
qgis_plugins/labeling_tool/core/result_catalog.py	15145	2026-07-21T10:03:03.620000+00:00	0755	fe58edd257642c7d73fb57e6394cf1f91a85b9096b8df610767784007b47bcda
qgis_plugins/labeling_tool/core/run_builder_v5.py	14011	2026-07-21T10:03:03.610000+00:00	0755	4eef66a8161c1c336fd5839b7240586b254c3138fe971068c06395d4212d5426
qgis_plugins/labeling_tool/core/run_spec.py	19510	2026-07-21T10:03:03.620000+00:00	0755	8c842ea039667651580cf83ecf321fdf358dfc371515674ff5928ab9ba6afa33
qgis_plugins/labeling_tool/core/run_state_db.py	70551	2026-07-21T12:43:35.002310+00:00	0755	6905e08202194f8bf86a8fb6b0ae76bd35f13d8e446755b2244feefbf6604b01
qgis_plugins/labeling_tool/core/sam3_worker_runner.py	7370	2026-07-21T10:03:55.040000+00:00	0755	432680c52d69e4bc4f74d2c9752a3b88710eea86bf262636c29121468bdc8ecf
qgis_plugins/labeling_tool/core/spatial_planner.py	12167	2026-07-21T14:46:22.385093+00:00	0755	fbf532e048d47f2dcc7c27c6b468a34890581728bfc2bd9dcf20001c83dc45b5
qgis_plugins/labeling_tool/core/style_manager.py	4172	2026-07-21T10:03:03.620000+00:00	0755	9d601acaeec309d96620c19c299bf99a626638eb9ab279ef6c940e0a35949107
qgis_plugins/labeling_tool/core/tile_extraction_runner.py	5441	2026-07-21T10:03:03.620000+00:00	0755	75f784abb032dd63b3e13ccd940592d670cae194ea343f35674ea2d204aa621c
qgis_plugins/labeling_tool/core/tile_manager.py	16404	2026-07-21T10:03:03.620000+00:00	0755	1f39b8d51518542bd3ac96ca5fc3356ddb9524563d37ab455ab9b72cbd501fd7
qgis_plugins/labeling_tool/core/topology_validator.py	9502	2026-07-21T10:03:03.620000+00:00	0755	596961d3b33898e402c38363f676107254812122794d397d9dbb05895158e2fd
qgis_plugins/labeling_tool/core/v5_async_runner.py	26265	2026-07-21T10:03:54.720000+00:00	0755	c92d886dee0a116b143b5d6558aafbda3287384820a4b8f42814121db433d06d
qgis_plugins/labeling_tool/core/work_package_planner.py	10803	2026-07-21T14:11:10.322453+00:00	0755	052f5b824168c51422a4bd3ff7540f032b4df45a4080a2997965c6c626d094c0
qgis_plugins/labeling_tool/gui/__init__.py	85	2026-07-21T10:03:03.630000+00:00	0755	3be9b1d4af50ae0b9bc4c2777d609abcc2d3a675c925f4f039346e48a09ad893
qgis_plugins/labeling_tool/gui/class_refinement_dialog.py	95085	2026-07-21T11:11:42.840000+00:00	0755	ca380f0a3b62f823cf7a4b1b1f46a15f56d9c4068b51c2c3aa9ae752dc04c258
qgis_plugins/labeling_tool/gui/inference_config_dialog.py	15345	2026-07-21T10:03:03.630000+00:00	0755	3974270e547f725546defbe0f55951dada540382576b951babf8ceb440b1add3
qgis_plugins/labeling_tool/gui/inference_monitor.py	21786	2026-07-21T10:03:03.630000+00:00	0755	c3d42cc7b373753848ec7d43d94e6c7230263ec1f099e167dfc452017fedf14e
qgis_plugins/labeling_tool/gui/log_panel.py	10850	2026-07-21T10:03:03.620000+00:00	0755	a396ee2df488dfa2aee3e7957238ccea1e89914038bcc1d98b0148f64c7c6cb3
qgis_plugins/labeling_tool/gui/main_dock.py	109822	2026-07-21T13:25:05.012542+00:00	0755	80b600915154b0611a4f58664e29679b0f9fb24b1f1e331e7abeb209956c8f09
qgis_plugins/labeling_tool/metadata.txt	543	2026-07-21T10:04:22.770000+00:00	0755	2e2f5733cf2120b429a77b618d96aa5036efb25399c37630274458f351d28225
qgis_plugins/labeling_tool/plugin.py	1771	2026-07-21T10:03:03.630000+00:00	0755	8e255e51ef2c5e90641195e60ff2cd15523a5cbe83f31599e434017d5e409a62
scratch/plugin_range_test/tile_0_0.tif	792067	2026-07-09T09:14:20+00:00	0644	253140214fe388a382821ae5da4b40fbf4f51a631e886dcfccc3d01be0e1ddd7
scratch/plugin_range_test/tile_0_0.tif.aux.xml	930	2026-07-09T09:14:20+00:00	0644	91e855af947d71fe1f1536a10152fd00da69d252d2288c080453a48ca57c377d
scratch/plugin_range_test/tile_0_0_meta.json	458	2026-07-15T02:53:16+00:00	0644	8a0d903df8770457fba6e423a68fd29dd04f8cc5dfaf00b798d9bee46fb32d3c
scratch/plugin_rect_test/tile_0_0.tif	792067	2026-07-09T09:14:40+00:00	0644	22e1be3cb824dd0a32319de31665464d66abf836cfbdabdfdc221979dfad87f9
scratch/plugin_rect_test/tile_0_0.tif.aux.xml	930	2026-07-09T09:14:40+00:00	0644	91e855af947d71fe1f1536a10152fd00da69d252d2288c080453a48ca57c377d
scratch/plugin_rect_test/tile_0_0_meta.json	459	2026-07-15T02:53:16+00:00	0644	8be55dc05f10e4253080a1eb61ddc4313be2895f67c967a618f9b396af2e245d
scratch/suide_test_legacy.tif	2011	2026-07-15T02:53:16+00:00	0644	b5c41fd816a7951c832fd39d4c46ed9062bc7476164c198d3886f6873de19cbf
tests/__init__.py	52	2026-07-15T02:53:16+00:00	0644	7f8bbdb0b88d08e1d446e0b990edb7a586b2fc67661c662a5d5d1ad4284d6280
tests/conftest.py	233	2026-07-15T02:53:16+00:00	0644	64a0e4f6fce679a010fd7bb6d0f90ad218dd08f474c7995882705052924e6e91
tests/create_e9_formal_run.py	7778	2026-07-20T03:29:18+00:00	0644	0572a93a22b1a4e9e57441522c574228c2c1f4c8e3ce014a84bb0f962e7f99fe
tests/create_e9_formal_sam3_job.py	3701	2026-07-15T02:53:16+00:00	0644	b3dd95c7f95a2e2fdaea070913dc3eba9489b66093fe6f992afac2d46aa2c2fc
tests/create_e9_pipeline_fixture.py	6540	2026-07-15T02:53:16+00:00	0644	590aa9c3530faca60a16cccb2629903dfb53a9eb94145034f45dd6b3423a1d16
tests/prepare_v5_l0_run.py	8576	2026-07-17T13:30:52+00:00	0644	c9370e47f2afbe96557529504a86be31d1840592d561d57183301a7c01821579
tests/smoke_boundary_regularizer_geoai.py	3767	2026-07-15T13:51:44+00:00	0644	ef99e5a24d4c93d31ed410afbc483643eb3119bd3a88e688ef4ac47575945b86
tests/smoke_polygonize_geoai.py	2976	2026-07-15T02:53:16+00:00	0644	8d91dd90130d6e9bfabcb33fe6c0ce7b8f19af2b88802b7a863ae0b3601b41e2
tests/stress_v5_control_plane.py	8762	2026-07-21T14:46:22.711259+00:00	0644	f9faa10e2de3c43e17c3b909c71c16c990d97fe6fd2ffe07590c7720d1ce84ae
tests/test_accepted_score.py	4545	2026-07-17T13:21:48+00:00	0644	38ac50e6b7d659032e1d7b7e000c5586c4aabe3962be5f4d1cac44c130ebbecf
tests/test_boundary_ab_validate.py	1344	2026-07-16T03:29:16+00:00	0644	c8caed7b119f9cd680227d4c53bafb4ac92de528f47d4791ad4aaadc761917e2
tests/test_common_boundary_smoother.py	8221	2026-07-20T11:46:54+00:00	0644	d422a64b7d0e649ee607ff06bf58ae2b8b2ac47e99be166fa5acda82e93cac4e
tests/test_coverage_simplification.py	2785	2026-07-16T03:53:04+00:00	0644	93e88bbb092bf4e3c0396c5aff241fe870f3afde9da3f19510a3e779c40ce0ea
tests/test_deployment_config.py	7020	2026-07-20T02:29:18+00:00	0644	af2a9749b914efd8a788c3061e2547ba6172b680f92921d8160a0b3736247088
tests/test_difference_runtime.py	2362	2026-07-17T12:49:22+00:00	0644	55d1575867d4cbbac88902552bdef599606aea93ec2e2b48d5a4a289605667f5
tests/test_environment_report.py	1891	2026-07-15T03:12:26+00:00	0644	79dcd51b1c81c6aae1efda6682dac395335234f26126848a33813c4a0647a5b4
tests/test_environment_status.py	3931	2026-07-21T09:40:01.283129+00:00	0644	4ad700b0f77901666cecc1c32bef30a2b79f57fbfbe10b21303d84d3e9498965
tests/test_fusion_runtime.py	6839	2026-07-15T10:09:14+00:00	0644	ccbf36a01e4d8cb946d34d0e677676081bf5d3fe79419397bb97d84da0ebac37
tests/test_incremental_fusion.py	2338	2026-07-17T11:54:02+00:00	0644	37919834b596449ec0b91297aa11d7ae8c4c61463df90b06477abbd1cc40cc75
tests/test_model_registry.py	2546	2026-07-15T02:53:16+00:00	0644	74a0a39874ced4d5a182deb975c4c82f2533eb3604195f51f4f70d03faf86b65
tests/test_mosaic_builder.py	5576	2026-07-17T09:01:20+00:00	0644	a914b5445548034b6f411e40cb12c04b751347d1c16d93f32666a3ed525c8d0d
tests/test_no_legacy_runtime.py	4042	2026-07-20T13:40:34+00:00	0644	fb4bc1ec612f4c4de0d07655c2e470a71a9b981b92ac43ffba19912868b939d9
tests/test_object_components.py	1469	2026-07-17T12:15:54+00:00	0644	b33bd59ebbfa3460102d0a8f839f9c4c388ab824d66800d9681518f95180b359
tests/test_partition_mosaic.py	2738	2026-07-17T13:16:24+00:00	0644	8c42c1d66b6ade4f0dd4732a9d99742d3df97d5e8216b4cf7faa3b636b7626ce
tests/test_pipeline_plan.py	4311	2026-07-17T09:08:14+00:00	0644	20d199f87424498c692658f3327acab4ebd654141d94bd8cf564680ed049e017
tests/test_polygonize_mosaic.py	6048	2026-07-19T02:29:24+00:00	0644	117dcd6554a8750716c85135849b7685a49bafc1a44f2d710b40fc8b6a5d6dc2
tests/test_polyline_smoother.py	4599	2026-07-20T03:01:16+00:00	0644	770e0b5ee02d250534f5f8c0f42daa6d4d803bc8b2ff994a58c744370d307cb2
tests/test_qgis4_migration.py	21755	2026-07-21T04:33:38+00:00	0644	c03de49eacec99318900a8d009557ebe3edcbbe51d900e70b1452e336d99cbf4
tests/test_result_catalog.py	2897	2026-07-21T02:29:52+00:00	0644	8ca266889312f623de5d127b6c5abe11d4c7721b5a1a50f25e06fcdd994bbfa8
tests/test_run_builder_v5.py	3339	2026-07-20T03:28:08+00:00	0644	f13121797e124fab86a0da116cc4218ae3313fced9b5b34ab47620111e51ff10
tests/test_run_spec.py	11531	2026-07-17T09:11:40+00:00	0644	1162d9a95345925ceb4b0c556eb2affa213a924168d2ed137c6744b9e5a44b57
tests/test_run_state_db.py	12336	2026-07-17T13:06:00+00:00	0644	7f91023743ddf5565842fc6a78f1dd879fe2a357fe86e72cc7614f6d8cb99239
tests/test_sam3_interactive_worker.py	2449	2026-07-16T02:16:02+00:00	0644	2374e71d7c75851b7f1f773ac1d8d7fccff08e1986342c32e71081be91f3ffa7
tests/test_seam_band_validate.py	2064	2026-07-15T10:26:50+00:00	0644	397d093f29822d887f9fe789ac03c8481652b4f0bf552429b1f0d4db7d877c00
tests/test_semantic_batch.py	5648	2026-07-15T02:53:16+00:00	0644	e75aab3e7aa9997d513fe355fc30e912a48e1574a1fd3bd20719f606b6b73ec3
tests/test_spatial_planner.py	2988	2026-07-21T14:46:22.548247+00:00	0644	061826b660fdaea5eba28b2b34c640593f3d53f9bea63e40fcd14dd67aac9cab
tests/test_subpixel_vectorize_experiment.py	1713	2026-07-17T08:42:24+00:00	0644	ea17bd417b5cc01dd0050d8a88f641b04ca66615be61096397e23aba0b816091
tests/test_subpixel_vectorizer.py	6738	2026-07-17T09:57:56+00:00	0644	c3bfedd0f35f3f94f9cda864adb7d16746a5967f16713f00c76a817cd237f623
tests/test_torchscript_runtime.py	3495	2026-07-15T03:59:32+00:00	0644	24d69d945af05f96cac33673c099e9011228bf7cab7171cdf97d990305011f33
tests/test_work_package_planner.py	3931	2026-07-17T13:17:40+00:00	0644	d99c83d6470d404947dc716ffccf526de32e495258dc6e6eb5a9e33d4ecd5d47
tests/test_work_package_runtime.py	20975	2026-07-20T08:28:48+00:00	0644	a8e70c90111ca100c5fe76008243faa73fa5cf6214c8f68f33918e2ae6be8716
